regija,leto,Gross income - TOTAL,Income from work,"Parental, family and social benefits",Pensions,"Property, capital and other income",Employment rate,Employment rate for men,Employment rate for women,Natural increase,Net migration between statistical regions,Net migration from abroad,Total increase,Total increase per 1000 population,Emigrants to abroad - Men,Emigrants to abroad - Total,Emigrants to abroad - Women,Emigrants to abroad per 1000 population,Emigrants to other regions per 1000 population,Emigrants to other statistical regions - Men,Emigrants to other statistical regions - Total,Emigrants to other statistical regions - Women,Immigrants from abroad - Men,Immigrants from abroad - Total,Immigrants from abroad - Women,Immigrants from abroad per 1000 populationv,Immigrants from other regions per 1000 population,Immigrants from other statistical regions - Men,Immigrants from other statistical regions - Total,Immigrants from other statistical regions - Women,Net migration between statistical regions - Men,Net migration between statistical regions - Total,Net migration between statistical regions - Women,Net migration between statistical regions per 1000 population,Net migration from abroad - Men,Net migration from abroad - Total,Net migration from abroad - Women,Net migration from abroad per 1000 population,Total net migration - Men,Total net migration - Total,Total net migration - Women,Total net migration per 1000 population,Labour migration index,Labour migration index - men,Labour migration index - women,Persons in employment [excluding farmers] whose workplace is in the statistical region of their residence,Persons in employment [excluding farmers] whose workplace is in the statistical region of their residence - men,Persons in employment [excluding farmers] whose workplace is in the statistical region of their residence - women,Persons in employment [excluding farmers] whose workplace is not in the statistical region of their residence,Persons in employment [excluding farmers] whose workplace is not in the statistical region of their residence - men,Persons in employment [excluding farmers] whose workplace is not in the statistical region of their residence - women
gorenjska,1993,,,,,,...,...,...,,,,,,,,,,,,,,,,,,,,,,,,,,,,,,,,,,,,,,,,,,
gorenjska,1994,,,,,,...,...,...,,,,,,,,,,,,,,,,,,,,,,,,,,,,,,,,,,,,,,,,,,
gorenjska,1995,,,,,,...,...,...,284,180,78,542,2.8,58,106,48,0.5,2.5,214,490,276,99,184,85,0.9,3.4,296,670,374,82,180,98,0.9,41,78,37,0.4,123,258,135,1.3,,,,,,,,,
gorenjska,1996,,,,,,...,...,...,421,146,66,633,3.2,45,77,32,0.4,3.1,279,616,337,69,143,74,0.7,3.9,329,762,433,50,146,96,0.7,24,66,42,0.3,74,212,138,1.1,,,,,,,,,
gorenjska,1997,,,,,,...,...,...,338,75,-10,403,2.1,63,96,33,0.5,3.1,268,608,340,41,86,45,0.4,3.5,301,683,382,33,75,42,0.4,-22,-10,12,-0.1,11,65,54,0.3,,,,,,,,,
gorenjska,1998,,,,,,...,...,...,246,79,-492,-167,-0.9,748,961,213,4.9,3.1,244,614,370,275,469,194,2.4,3.5,315,693,378,71,79,8,0.4,-473,-492,-19,-2.5,-402,-413,-11,-2.1,,,,,,,,,
gorenjska,1999,,,,,,...,...,...,215,61,267,543,2.8,140,232,92,1.2,3.2,277,633,356,350,499,149,2.5,3.5,306,694,388,29,61,32,0.3,210,267,57,1.4,239,328,89,1.7,,,,,,,,,
gorenjska,2000,,,,,,...,...,...,354,51,-32,373,1.9,268,420,152,2.1,2.8,244,547,303,253,388,135,2,3,264,598,334,20,51,31,0.3,-15,-32,-17,-0.2,5,19,14,0.1,,,,,,,,,
gorenjska,2001,,,,,,...,...,...,255,-132,176,299,1.5,257,370,113,1.9,3.9,342,776,434,355,546,191,2.8,3.3,289,644,355,-53,-132,-79,-0.7,98,176,78,0.9,45,44,-1,0.2,,,,,,,,,
gorenjska,2002,,,,,,56.6,61.2,51.8,304,-98,27,233,1.2,383,645,262,3.3,3.8,359,746,387,407,672,265,3.4,3.3,297,648,351,-62,-98,-36,-0.5,24,27,3,0.1,-38,-71,-33,-0.4,,,,,,,,,
gorenjska,2003,,,,,,56.3,61.2,51.4,112,-116,113,109,0.6,339,609,270,3.1,3.7,304,724,420,455,722,267,3.6,3.1,249,608,359,-55,-116,-61,-0.6,116,113,-3,0.6,61,-3,-64,0,,,,,,,,,
gorenjska,2004,,,,,,56.7,61.6,51.7,410,-49,-9,352,1.8,589,781,192,3.9,3.7,317,740,423,564,772,208,3.9,3.5,322,691,369,5,-49,-54,-0.2,-25,-9,16,0,-20,-58,-38,-0.3,,,,,,,,,
gorenjska,2005,,,,,,59,64.6,53.4,326,-152,394,568,2.9,550,757,207,3.8,4.2,366,829,463,843,1151,308,5.8,3.4,319,677,358,-47,-152,-105,-0.8,293,394,101,2,246,242,-4,1.2,,,,,,,,,
gorenjska,2006,,,,,,59.6,65.3,53.8,584,-180,348,752,3.8,783,1029,246,5.2,5.1,468,1012,544,1021,1377,356,6.9,4.2,397,832,435,-71,-180,-109,-0.9,238,348,110,1.7,167,168,1,0.8,,,,,,,,,
gorenjska,2007,,,,,,61.3,67.2,55.2,414,-178,970,1206,6,697,1087,390,5.4,5.6,504,1123,619,1571,2057,486,10.3,4.7,455,945,490,-49,-178,-129,-0.9,874,970,96,4.8,825,792,-33,3.9,,,,,,,,,
gorenjska,2008,,,,,,62.4,68.1,56.5,606,-539,1663,1730,8.6,542,806,264,4,17.6,1772,3535,1763,1846,2469,623,12.3,14.9,1477,2996,1519,-295,-539,-244,-2.7,1304,1663,359,8.3,1009,1124,115,5.6,,,,,,,,,
gorenjska,2009,,,,,,61.1,66.7,55.4,631,-509,794,916,4.5,1103,1449,346,7.2,16.6,1774,3353,1579,1645,2243,598,11.1,14,1521,2844,1323,-253,-509,-256,-2.5,542,794,252,3.9,289,285,-4,1.4,84.7,86,83.1,75.1,75.3,74.8,24.9,24.7,25.2
gorenjska,2010,,,,,,60,65,54.8,707,-310,130,527,2.6,922,1292,370,6.4,17.5,1832,3561,1729,904,1422,518,7,16,1734,3251,1517,-98,-310,-212,-1.5,-18,130,148,0.6,-116,-180,-64,-0.9,84.9,86.1,83.3,74.2,74.6,73.7,25.8,25.4,26.3
gorenjska,2011,,,,,,59.4,64,54.5,658,-246,230,642,3.2,719,1082,363,5.3,17.9,1942,3642,1700,767,1312,545,6.4,16.7,1905,3396,1491,-37,-246,-209,-1.2,48,230,182,1.1,11,-16,-27,-0.1,84.2,85.5,82.6,73.6,74.1,73.1,26.4,25.9,26.9
gorenjska,2012,,,,,,59.2,63.6,54.7,585,-648,-18,-81,-0.4,758,1248,490,6.1,19.3,2055,3939,1884,695,1230,535,6,16.1,1758,3291,1533,-297,-648,-351,-3.2,-63,-18,45,-0.1,-360,-666,-306,-3.3,83.6,85.5,81.3,73.2,73.8,72.5,26.8,26.2,27.5
gorenjska,2013,,,,,,58.8,62.7,54.7,502,-400,-181,-79,-0.4,746,1274,528,6.2,19,1940,3877,1937,633,1093,460,5.4,17.1,1807,3477,1670,-133,-400,-267,-2,-113,-181,-68,-0.9,-246,-581,-335,-2.8,83.9,86.1,81.4,73.2,73.9,72.5,26.8,26.1,27.5
gorenjska,2014,11193.66,8071.49,534.7,2134.57,452.91,59.9,64.1,55.5,419,-248,-229,-58,-0.3,767,1349,582,6.6,19.3,2010,3929,1919,641,1120,479,5.5,18.1,1889,3681,1792,-121,-248,-127,-1.2,-126,-229,-103,-1.1,-247,-477,-230,-2.3,83.9,86.6,80.8,72.9,73.8,71.8,27.1,26.2,28.2
gorenjska,2015,11350.55,8269.45,534.7,2144.71,401.69,61.2,65.2,57.1,385,-246,-157,-18,-0.1,841,1434,593,7,18.7,1910,3813,1903,746,1277,531,6.3,17.5,1777,3567,1790,-133,-246,-113,-1.2,-95,-157,-62,-0.8,-228,-403,-175,-2,84,87,80.4,72.8,74.1,71.4,27.2,25.9,28.6
gorenjska,2016,11727.95,8632.48,538.59,2177.32,379.55,63,66.5,59.3,334,-119,-245,-30,-0.1,872,1543,671,7.6,17.8,1840,3626,1786,771,1298,527,6.4,17.2,1779,3507,1728,-61,-119,-58,-0.6,-101,-245,-144,-1.2,-162,-364,-202,-1.8,83.9,87.4,79.8,72.3,73.9,70.5,27.7,26.1,29.5
gorenjska,2017,12244.31,9080.7,548.87,2211.94,402.81,65.6,69.2,61.7,136,-258,-30,-152,-0.7,857,1509,652,7.4,18.4,1911,3740,1829,939,1479,540,7.3,17.1,1736,3482,1746,-175,-258,-83,-1.3,82,-30,-112,-0.1,-93,-288,-195,-1.4,84.7,88.8,79.9,72.5,74.4,70.3,27.5,25.6,29.7
gorenjska,2018,12967.19,9616.76,567.11,2277.95,505.38,68,71.8,64,150,-411,1296,1035,5.1,863,1377,514,6.8,16.6,1768,3382,1614,1886,2673,787,13.1,14.6,1582,2971,1389,-186,-411,-225,-2,1023,1296,273,6.4,837,885,48,4.3,85.9,90.5,80.5,72.9,74.9,70.5,27.1,25.1,29.5
gorenjska,2019,13790.84,10179.64,598.02,2342.7,670.47,69.3,73.1,65.2,111,-68,1913,1956,9.5,753,1175,422,5.7,15.9,1730,3268,1538,2223,3088,865,15,15.6,1722,3200,1478,-8,-68,-60,-0.3,1470,1913,443,9.3,1462,1845,383,9,85.6,90.5,79.8,72.6,74.8,70,27.4,25.2,30
gorenjska,2020,14057.76,10360.48,665.47,2485.11,546.71,68.4,71.9,64.6,-320,2575,1996,4251,20.5,978,1447,469,7,26,2858,5398,2540,2212,3443,1231,16.6,38.4,4150,7973,3823,1292,2575,1283,12.4,1234,1996,762,9.6,2526,4571,2045,22,83.6,88.3,77.9,70.3,72.3,68,29.7,27.7,32
gorenjska,2021,15266.42,11408.47,669.62,2627,561.33,70.1,73.7,66.3,-125,283,213,371,1.8,1358,1925,567,9.1,24.5,2737,5186,2449,1273,2138,865,10.1,25.9,2808,5469,2661,71,283,212,1.3,-85,213,298,1,-14,496,510,2.3,83.8,88.9,77.7,69.8,71.9,67.3,30.2,28.1,32.7
gorenjska,2022,16434.28,12209.77,709.88,2855.19,659.45,71.7,75.6,67.6,-253,-2426,1657,-1022,-4.8,1298,1864,566,8.8,33.6,3629,7075,3446,2155,3521,1366,16.7,22.1,2456,4649,2193,-1173,-2426,-1253,-11.5,857,1657,800,7.9,-316,-769,-453,-3.6,85.8,90.7,80,71.1,73.1,68.7,28.9,26.9,31.3
gorenjska,2023,18102.23,13616.33,743.46,3037.1,705.33,71.7,75.3,67.8,-224,-1522,1009,-737,-3.5,1296,2057,761,9.8,25.1,2752,5262,2510,1990,3066,1076,14.6,17.9,1901,3740,1839,-851,-1522,-671,-7.3,694,1009,315,4.8,-157,-513,-356,-2.5,86.2,90.8,80.9,71.2,72.8,69.4,28.8,27.2,30.6
gorenjska,2024,,,,,,,,,,,,,,,,,,,,,,,,,,,,,,,,,,,,,,,,,,86,90.2,81.2,70.9,72.3,69.3,29.1,27.7,30.7
goriška,1993,,,,,,...,...,...,,,,,,,,,,,,,,,,,,,,,,,,,,,,,,,,,,,,,,,,,,
goriška,1994,,,,,,...,...,...,,,,,,,,,,,,,,,,,,,,,,,,,,,,,,,,,,,,,,,,,,
goriška,1995,,,,,,...,...,...,-136,-99,79,-156,-1.3,8,19,11,0.2,2.2,121,261,140,50,98,48,0.8,1.3,75,162,87,-46,-99,-53,-0.8,42,79,37,0.7,-4,-20,-16,-0.2,,,,,,,,,
goriška,1996,,,,,,...,...,...,-130,-43,38,-135,-1.1,11,25,14,0.2,2.1,99,257,158,33,63,30,0.5,1.8,98,214,116,-1,-43,-42,-0.4,22,38,16,0.3,21,-5,-26,0,,,,,,,,,
goriška,1997,,,,,,...,...,...,-206,0,19,-187,-1.6,16,27,11,0.2,1.9,88,226,138,14,46,32,0.4,1.9,93,226,133,5,0,-5,0,-2,19,21,0.2,3,19,16,0.2,,,,,,,,,
goriška,1998,,,,,,...,...,...,-244,-88,-224,-556,-4.6,405,488,83,4.1,2.5,128,303,175,188,264,76,2.2,1.8,103,215,112,-25,-88,-63,-0.7,-217,-224,-7,-1.9,-242,-312,-70,-2.6,,,,,,,,,
goriška,1999,,,,,,...,...,...,-169,-80,306,57,0.5,159,199,40,1.7,2.3,123,281,158,423,505,82,4.2,1.7,96,201,105,-27,-80,-53,-0.7,264,306,42,2.6,237,226,-11,1.9,,,,,,,,,
goriška,2000,,,,,,...,...,...,-179,-50,260,31,0.3,141,186,45,1.5,2.4,120,283,163,330,446,116,3.7,1.9,94,233,139,-26,-50,-24,-0.4,189,260,71,2.2,163,210,47,1.7,,,,,,,,,
goriška,2001,,,,,,...,...,...,-140,-40,30,-150,-1.2,332,419,87,3.5,2.7,141,322,181,308,449,141,3.7,2.3,135,282,147,-6,-40,-34,-0.3,-24,30,54,0.2,-30,-10,20,-0.1,,,,,,,,,
goriška,2002,,,,,,57.7,62.2,52.9,-243,-44,227,-60,-0.5,294,442,148,3.7,2.8,147,331,184,475,669,194,5.6,2.4,134,287,153,-13,-44,-31,-0.4,181,227,46,1.9,168,183,15,1.5,,,,,,,,,
goriška,2003,,,,,,57,61.5,52.2,-268,-83,329,-22,-0.2,229,353,124,2.9,2.4,112,293,181,461,682,221,5.7,1.8,101,210,109,-11,-83,-72,-0.7,232,329,97,2.7,221,246,25,2.1,,,,,,,,,
goriška,2004,,,,,,57,61.3,52.3,-138,-128,110,-156,-1.3,469,602,133,5,3,148,359,211,540,712,172,6,1.9,92,231,139,-56,-128,-72,-1.1,71,110,39,0.9,15,-18,-33,-0.2,,,,,,,,,
goriška,2005,,,,,,59.1,63.8,54,-198,-134,382,50,0.4,471,574,103,4.8,3.3,195,390,195,741,956,215,8,2.1,135,256,121,-60,-134,-74,-1.1,270,382,112,3.2,210,248,38,2.1,,,,,,,,,
goriška,2006,,,,,,59.9,64.9,54.4,-167,-262,472,43,0.4,706,854,148,7.1,4.4,234,529,295,1083,1326,243,11.1,2.2,127,267,140,-107,-262,-155,-2.2,377,472,95,3.9,270,210,-60,1.8,,,,,,,,,
goriška,2007,,,,,,61.7,67.4,55.6,-5,-254,1190,931,7.8,619,867,248,7.2,4.6,249,554,305,1700,2057,357,17.1,2.5,130,300,170,-119,-254,-135,-2.1,1081,1190,109,9.9,962,936,-26,7.8,,,,,,,,,
goriška,2008,,,,,,63.4,69,57.2,33,-1082,1254,205,1.7,522,662,140,5.6,29.3,1692,3480,1788,1517,1916,399,16.2,20.2,1267,2398,1131,-425,-1082,-657,-9.1,995,1254,259,10.6,570,172,-398,1.5,,,,,,,,,
goriška,2009,,,,,,61.9,66.9,56.3,49,-765,737,21,0.2,1027,1253,226,10.5,23.1,1475,2756,1281,1548,1990,442,16.7,16.7,1100,1991,891,-375,-765,-390,-6.4,521,737,216,6.2,146,-28,-174,-0.2,97,97.7,96.2,87.4,86.5,88.5,12.6,13.5,11.5
goriška,2010,,,,,,59.4,63.8,54.6,148,-133,34,49,0.4,727,934,207,7.8,21.1,1373,2519,1146,587,968,381,8.1,20,1334,2386,1052,-39,-133,-94,-1.1,-140,34,174,0.3,-179,-99,80,-0.8,96.6,97.2,95.9,86.8,85.7,88.1,13.2,14.3,11.9
goriška,2011,,,,,,58.3,62.1,54.1,169,-297,167,39,0.3,428,608,180,5.1,24,1668,2865,1197,447,775,328,6.5,21.6,1409,2568,1159,-259,-297,-38,-2.5,19,167,148,1.4,-240,-130,110,-1.1,96.7,97.1,96.1,86.5,85.2,88.1,13.5,14.8,11.9
goriška,2012,,,,,,57.6,61,53.9,8,-359,120,-231,-1.9,457,701,244,5.9,23.8,1474,2842,1368,456,821,365,6.9,20.8,1330,2483,1153,-144,-359,-215,-3,-1,120,121,1,-145,-239,-94,-2,96,96.1,96,86.1,84.7,87.8,13.9,15.3,12.2
goriška,2013,,,,,,56.8,59.8,53.5,-14,-744,132,-626,-5.3,351,567,216,4.8,25.9,1542,3088,1546,405,699,294,5.9,19.7,1290,2344,1054,-252,-744,-492,-6.3,54,132,78,1.1,-198,-612,-414,-5.1,96.3,96.3,96.2,86.2,84.9,87.8,13.8,15.1,12.2
goriška,2014,10615.65,7379.42,526.14,2307.49,402.61,57.9,61.3,54,-72,-151,35,-188,-1.6,367,625,258,5.3,22.6,1386,2674,1288,400,660,260,5.6,21.3,1239,2523,1284,-147,-151,-4,-1.3,33,35,2,0.3,-114,-116,-2,-1,96.2,96.2,96.1,85.7,84.4,87.4,14.3,15.6,12.6
goriška,2015,10706.1,7502.92,512.58,2312.02,378.58,59.1,62.5,55.3,-111,-99,92,-118,-1,414,689,275,5.8,22.3,1350,2637,1287,451,781,330,6.6,21.5,1287,2538,1251,-63,-99,-36,-0.8,37,92,55,0.8,-26,-7,19,-0.1,95.7,95.9,95.5,85.4,84.2,86.9,14.6,15.8,13.1
goriška,2016,11052.65,7860.34,519.64,2344.4,328.26,60.9,64,57.4,-181,-265,126,-320,-2.7,427,727,300,6.2,22.5,1362,2650,1288,516,853,337,7.2,20.2,1163,2385,1222,-199,-265,-66,-2.2,89,126,37,1.1,-110,-139,-29,-1.2,96.3,96.8,95.7,85.2,84,86.6,14.8,16,13.4
goriška,2017,11494.18,8258.68,521.36,2403.31,310.82,63.7,67.1,60,-235,-346,85,-496,-4.2,489,833,344,7.1,23.8,1458,2804,1346,605,918,313,7.8,20.9,1237,2458,1221,-221,-346,-125,-2.9,116,85,-31,0.7,-105,-261,-156,-2.2,97.1,98.2,95.7,84.9,84.2,85.7,15.1,15.8,14.3
goriška,2018,12183.18,8791.34,534.68,2486.83,370.33,66.5,70.1,62.6,-188,-320,866,358,3.1,373,616,243,5.2,20.7,1260,2426,1166,1010,1482,472,12.6,17.9,1139,2106,967,-121,-320,-199,-2.7,637,866,229,7.4,516,546,30,4.7,93.5,93.4,93.5,82.8,81.6,84.3,17.2,18.4,15.7
goriška,2019,12832.01,9276.45,561.28,2569.15,425.14,68,71.5,64.1,-286,-200,916,430,3.6,456,700,244,5.9,19.7,1254,2328,1074,1149,1616,467,13.7,18,1167,2128,961,-87,-200,-113,-1.7,693,916,223,7.8,606,716,110,6.1,95.3,95.7,94.8,84.3,83.5,85.3,15.7,16.5,14.7
goriška,2020,13139.05,9393.33,614.5,2748.53,382.7,68.3,71.6,64.6,-309,-14,788,465,3.9,636,955,319,8.1,27.4,1832,3250,1418,1142,1743,601,14.7,27.3,1696,3236,1540,-136,-14,122,-0.1,506,788,282,6.7,370,774,404,6.5,94.9,96.1,93.3,83.1,82.7,83.7,16.9,17.3,16.3
goriška,2021,14168.51,10294.31,623.82,2898.26,352.12,69.3,72.5,65.8,-335,-74,216,-193,-1.6,641,925,284,7.8,21.7,1381,2570,1189,674,1141,467,9.6,21.1,1278,2496,1218,-103,-74,29,-0.6,33,216,183,1.8,-70,142,212,1.2,95.4,97,93.5,82.8,82.5,83.2,17.2,17.5,16.8
goriška,2022,15474.2,11181.72,659.9,3130.61,501.97,71.3,74.7,67.6,-488,-212,808,108,0.9,630,944,314,8,25.7,1566,3036,1470,1055,1752,697,14.8,23.9,1476,2824,1348,-90,-212,-122,-1.8,425,808,383,6.8,335,596,261,5,95.4,97.3,93.1,82.6,82.1,83.3,17.4,17.9,16.7
goriška,2023,17003.92,12481.72,655.33,3320.21,546.66,71.9,75.2,68.2,-441,-218,487,-172,-1.5,688,1077,389,9.1,21.6,1258,2556,1298,993,1564,571,13.2,19.8,1216,2338,1122,-42,-218,-176,-1.8,305,487,182,4.1,263,269,6,2.3,95.4,97.2,93.3,82.4,81.7,83.3,17.6,18.3,16.7
goriška,2024,,,,,,,,,,,,,,,,,,,,,,,,,,,,,,,,,,,,,,,,,,95.1,96.7,93.1,82,81.2,83,18,18.8,17
jugovzhodna slovenija,1993,,,,,,...,...,...,,,,,,,,,,,,,,,,,,,,,,,,,,,,,,,,,,,,,,,,,,
jugovzhodna slovenija,1994,,,,,,...,...,...,,,,,,,,,,,,,,,,,,,,,,,,,,,,,,,,,,,,,,,,,,
jugovzhodna slovenija,1995,,,,,,...,...,...,157,53,118,328,2.4,27,49,22,0.4,3.8,169,396,227,76,167,91,1.2,4.3,190,449,259,21,53,32,0.4,49,118,69,0.9,70,171,101,1.6,,,,,,,,,
jugovzhodna slovenija,1996,,,,,,...,...,...,103,91,35,229,1.7,26,65,39,0.5,3.8,182,401,219,53,100,47,0.7,4.7,222,492,270,40,91,51,0.7,27,35,8,0.3,67,126,59,1.2,,,,,,,,,
jugovzhodna slovenija,1997,,,,,,...,...,...,150,79,41,270,2,14,34,20,0.2,3,206,416,210,35,75,40,0.5,3.6,233,495,262,27,79,52,0.6,21,41,20,0.3,48,120,72,0.9,,,,,,,,,
jugovzhodna slovenija,1998,,,,,,...,...,...,37,61,-93,5,0,270,344,74,2.5,3.4,193,460,267,152,251,99,1.8,3.8,254,521,267,61,61,0,0.4,-118,-93,25,-0.7,-57,-32,25,-0.2,,,,,,,,,
jugovzhodna slovenija,1999,,,,,,...,...,...,-3,172,113,282,2,118,164,46,1.2,2.7,182,375,193,200,277,77,2,4,253,547,294,71,172,101,1.2,82,113,31,0.8,153,285,132,2.1,,,,,,,,,
jugovzhodna slovenija,2000,,,,,,...,...,...,95,108,70,273,2,141,212,71,1.5,3.1,172,426,254,220,282,62,2,3.9,236,534,298,64,108,44,0.8,79,70,-9,0.5,143,178,35,1.3,,,,,,,,,
jugovzhodna slovenija,2001,,,,,,...,...,...,341,61,42,151,1,292,385,93,2.8,3.5,196,483,287,311,427,116,3.1,3.9,256,544,288,60,61,1,0.4,19,42,23,0.3,79,103,24,0.7,,,,,,,,,
jugovzhodna slovenija,2002,,,,,,58.9,63.7,53.7,-14,8,127,121,0.9,292,445,153,3.2,3.7,224,513,289,425,572,147,4.1,3.8,257,521,264,33,8,-25,0.1,133,127,-6,0.9,166,135,-31,1,,,,,,,,,
jugovzhodna slovenija,2003,,,,,,58.1,63,52.8,-73,85,196,208,1.5,259,403,144,2.9,3.4,217,479,262,423,599,176,4.3,4.1,253,564,311,36,85,49,0.6,164,196,32,1.4,200,281,81,2,,,,,,,,,
jugovzhodna slovenija,2004,,,,,,58.6,63.7,53.1,24,80,148,252,1.8,399,487,88,3.5,3.6,217,494,277,516,635,119,4.6,4.1,253,574,321,36,80,44,0.6,117,148,31,1.1,153,228,75,1.6,,,,,,,,,
jugovzhodna slovenija,2005,,,,,,60.2,65.8,54.2,2,70,480,552,4,371,437,66,3.1,3.8,233,534,301,737,917,180,6.6,4.3,266,604,338,33,70,37,0.5,366,480,114,3.4,399,550,151,3.9,,,,,,,,,
jugovzhodna slovenija,2006,,,,,,60.4,66.3,54,197,19,405,621,4.4,735,852,117,6.1,4.6,274,646,372,1051,1257,206,9,4.7,317,665,348,43,19,-24,0.1,316,405,89,2.9,359,424,65,3,,,,,,,,,
jugovzhodna slovenija,2007,,,,,,62.4,68.7,55.7,125,-88,1007,1044,7.4,883,1066,183,7.6,5.1,315,713,398,1822,2073,251,14.7,4.4,308,625,317,-7,-88,-81,-0.6,939,1007,68,7.1,932,919,-13,6.5,,,,,,,,,
jugovzhodna slovenija,2008,,,,,,63.6,69.8,56.8,347,-147,1447,1647,11.7,463,612,149,4.4,25,1678,3503,1825,1712,2059,347,14.7,23.9,1847,3356,1509,169,-147,-316,-1,1249,1447,198,10.3,1418,1300,-118,9.3,,,,,,,,,
jugovzhodna slovenija,2009,,,,,,62.2,68.1,55.6,149,25,728,902,6.4,1030,1258,228,8.9,20.6,1604,2929,1325,1606,1986,380,14,20.8,1724,2954,1230,120,25,-95,0.2,576,728,152,5.1,696,753,57,5.3,89.8,90.2,89.2,78.6,77.8,79.8,21.4,22.2,20.2
jugovzhodna slovenija,2010,,,,,,60.5,66.1,54.2,358,-12,42,388,2.7,654,854,200,6,22.4,1877,3195,1318,582,896,314,6.3,22.4,1900,3183,1283,23,-12,-35,-0.1,-72,42,114,0.3,-49,30,79,0.2,88.8,90,87.3,77.4,77,77.8,22.6,23,22.2
jugovzhodna slovenija,2011,,,,,,59.7,64.9,54,324,-241,153,236,1.7,470,657,187,4.6,24.7,2094,3521,1427,499,810,311,5.7,23,1890,3280,1390,-204,-241,-37,-1.7,29,153,124,1.1,-175,-88,87,-0.6,87.9,89.1,86.4,76.4,76,76.9,23.6,24,23.1
jugovzhodna slovenija,2012,,,,,,58.7,63.7,53.3,274,-406,-60,-192,-1.3,517,789,272,5.5,26.4,2067,3775,1708,444,729,285,5.1,23.6,1895,3369,1474,-172,-406,-234,-2.8,-73,-60,13,-0.4,-245,-466,-221,-3.3,88.6,89,88,76.8,75.8,78.1,23.2,24.2,21.9
jugovzhodna slovenija,2013,,,,,,58.2,62.8,53.1,214,-317,1,-102,-0.7,421,661,240,4.6,25.8,1949,3681,1732,411,662,251,4.6,23.6,1890,3364,1474,-59,-317,-258,-2.2,-10,1,11,0,-69,-316,-247,-2.2,88.7,89.1,88.1,77,76.1,78.1,23,23.9,21.9
jugovzhodna slovenija,2014,10699.05,7799.26,608.86,1903.02,387.9,59.2,64.5,53.2,284,-347,18,-45,-0.3,397,676,279,4.8,26.5,2052,3772,1720,452,694,242,4.9,24.1,1816,3425,1609,-236,-347,-111,-2.4,55,18,-37,0.1,-181,-329,-148,-2.3,87.6,87.7,87.4,75.6,74.4,77.2,24.4,25.6,22.8
jugovzhodna slovenija,2015,10914.95,8012.9,629.08,1918.41,354.56,60.1,65.2,54.5,126,38,31,195,1.4,445,723,278,5.1,24.2,1870,3445,1575,470,754,284,5.3,24.5,1857,3483,1626,-13,38,51,0.3,25,31,6,0.2,12,69,57,0.5,89.2,89.6,88.6,76.2,75.2,77.6,23.8,24.8,22.4
jugovzhodna slovenija,2016,11314.06,8362.26,629.98,1950.89,370.93,61.3,66,56.2,195,-65,19,149,1,449,746,297,5.2,24.3,1886,3464,1578,520,765,245,5.4,23.8,1837,3399,1562,-49,-65,-16,-0.5,71,19,-52,0.1,22,-46,-68,-0.3,89.3,90.3,88.1,75.7,75,76.7,24.3,25,23.3
jugovzhodna slovenija,2017,11877.14,8824.2,630.65,1994.67,427.62,64.6,69.7,59,103,-80,71,94,0.7,543,864,321,6.1,23.8,1831,3400,1569,617,935,318,6.6,23.3,1739,3320,1581,-92,-80,12,-0.6,74,71,-3,0.5,-18,-9,9,-0.1,89.6,90.7,88.2,75.6,74.8,76.5,24.4,25.2,23.5
jugovzhodna slovenija,2018,12492.98,9421.33,662.38,2057.75,351.52,67.3,72.3,61.7,65,-168,1316,1213,8.5,418,645,227,4.5,22.9,1819,3289,1470,1543,1961,418,13.7,21.8,1697,3121,1424,-122,-168,-46,-1.2,1125,1316,191,9.2,1003,1148,145,8,90.3,91.1,89.2,75.7,75,76.6,24.3,25,23.4
jugovzhodna slovenija,2019,13431.4,10054.1,707.86,2125.63,543.8,68.5,73.5,63,108,-124,1350,1334,9.2,515,759,244,5.2,22.2,1848,3212,1364,1588,2109,521,14.6,21.3,1776,3088,1312,-72,-124,-52,-0.9,1073,1350,277,9.3,1001,1226,225,8.5,91,92.1,89.6,75.4,74.7,76.3,24.6,25.3,23.7
jugovzhodna slovenija,2020,13784.72,10301.53,766.61,2315.34,401.24,68,72,63.4,-226,67,710,551,3.8,708,946,238,6.5,31.9,2664,4649,1985,1062,1656,594,11.4,32.3,2549,4716,2167,-115,67,182,0.5,354,710,356,4.9,239,777,538,5.3,90,91,88.8,74.1,73.1,75.4,25.9,26.9,24.6
jugovzhodna slovenija,2021,14744.66,11108.75,781.26,2464.79,389.86,69.1,73.2,64.5,-65,225,143,303,2.1,695,988,293,6.8,23.3,1882,3403,1521,648,1131,483,7.8,24.9,2019,3628,1609,137,225,88,1.5,-47,143,190,1,90,368,278,2.5,89.6,90.3,88.7,73.2,71.9,74.9,26.8,28.1,25.1
jugovzhodna slovenija,2022,16099.71,11951.63,831.74,2668.17,648.17,70.4,74.4,65.9,-112,3,908,799,5.5,594,861,267,5.9,28.5,2219,4178,1959,1112,1769,657,12.1,28.6,2301,4181,1880,82,3,-79,0,518,908,390,6.2,600,911,311,6.2,89,89.4,88.5,72.5,71,74.5,27.5,29,25.5
jugovzhodna slovenija,2023,17595.27,13280.33,841.77,2832.16,641,70.8,74.5,66.6,-93,81,709,697,4.7,664,958,294,6.5,23.1,1837,3398,1561,1051,1667,616,11.3,23.6,1930,3479,1549,93,81,-12,0.5,387,709,322,4.8,480,790,310,5.4,88.7,89.1,88.3,72,70.5,73.9,28,29.5,26.1
jugovzhodna slovenija,2024,,,,,,,,,,,,,,,,,,,,,,,,,,,,,,,,,,,,,,,,,,88.6,88.6,88.6,72,70.2,74.1,28,29.8,25.9
koroška,1993,,,,,,...,...,...,,,,,,,,,,,,,,,,,,,,,,,,,,,,,,,,,,,,,,,,,,
koroška,1994,,,,,,...,...,...,,,,,,,,,,,,,,,,,,,,,,,,,,,,,,,,,,,,,,,,,,
koroška,1995,,,,,,...,...,...,64,-47,-21,-4,-0.1,22,48,26,0.6,3,100,222,122,16,27,11,0.4,2.4,76,175,99,-24,-47,-23,-0.6,-6,-21,-15,-0.3,-30,-68,-38,-0.9,,,,,,,,,
koroška,1996,,,,,,...,...,...,63,-52,-1,10,0.1,15,24,9,0.3,3.3,113,241,128,13,23,10,0.3,2.5,97,189,92,-16,-52,-36,-0.7,-2,-1,1,0,-18,-53,-35,-0.7,,,,,,,,,
koroška,1997,,,,,,...,...,...,56,-46,-3,7,0.1,19,37,18,0.5,2.7,97,200,103,16,34,18,0.5,2.1,75,154,79,-22,-46,-24,-0.6,-3,-3,0,0,-25,-49,-24,-0.7,,,,,,,,,
koroška,1998,,,,,,...,...,...,118,-53,-47,18,0.2,56,111,55,1.5,2.8,89,205,116,36,64,28,0.9,2.1,67,152,85,-22,-53,-31,-0.7,-20,-47,-27,-0.6,-42,-100,-58,-1.4,,,,,,,,,
koroška,1999,,,,,,...,...,...,35,-119,31,-53,-0.7,22,44,22,0.6,3.6,116,265,149,35,75,40,1,2,73,146,73,-43,-119,-76,-1.6,13,31,18,0.4,-30,-88,-58,-1.2,,,,,,,,,
koroška,2000,,,,,,...,...,...,97,-85,1,13,0.2,53,86,33,1.2,3.3,101,241,140,65,87,22,1.2,2.1,68,156,88,-33,-85,-52,-1.1,12,1,-11,0,-21,-84,-63,-1.1,,,,,,,,,
koroška,2001,,,,,,...,...,...,-4,-63,-36,-103,-1.4,70,113,43,1.5,2.9,95,213,118,44,77,33,1,2,74,150,76,-21,-63,-42,-0.9,-26,-36,-10,-0.5,-47,-99,-52,-1.3,,,,,,,,,
koroška,2002,,,,,,54.5,58.3,50.4,13,-105,-61,-153,-2.1,92,165,73,2.2,3.5,115,260,145,59,104,45,1.4,2.1,82,155,73,-33,-105,-72,-1.4,-33,-61,-28,-0.8,-66,-166,-100,-2.2,,,,,,,,,
koroška,2003,,,,,,53,57.2,48.7,-35,-71,10,-96,-1.3,60,135,75,1.8,3.3,89,242,153,89,145,56,2,2.3,68,171,103,-21,-71,-50,-1,29,10,-19,0.1,8,-61,-69,-0.8,,,,,,,,,
koroška,2004,,,,,,53.7,58,49.1,4,-86,25,-57,-0.8,82,134,52,1.8,3.2,94,239,145,112,159,47,2.2,2.1,69,153,84,-25,-86,-61,-1.2,30,25,-5,0.3,5,-61,-66,-0.8,,,,,,,,,
koroška,2005,,,,,,56.1,60.9,51,-98,-150,150,-98,-1.3,104,151,47,2,4.3,137,318,181,221,301,80,4.1,2.3,83,168,85,-54,-150,-96,-2,117,150,33,2,63,0,-63,0,,,,,,,,,
koroška,2006,,,,,,56.4,61.5,50.9,-3,-175,96,-82,-1.1,197,278,81,3.8,4.9,161,360,199,293,374,81,5.1,2.5,81,185,104,-80,-175,-95,-2.4,96,96,0,1.3,16,-79,-95,-1.1,,,,,,,,,
koroška,2007,,,,,,58,63.1,52.5,30,-218,191,3,0,131,211,80,2.9,5.2,171,383,212,332,402,70,5.5,2.2,67,165,98,-104,-218,-114,-3,201,191,-10,2.6,97,-27,-124,-0.4,,,,,,,,,
koroška,2008,,,,,,59.6,64.3,54.5,106,-622,288,-228,-3.1,169,270,101,3.7,28.9,982,2103,1121,440,558,118,7.7,20.3,679,1481,802,-303,-622,-319,-8.5,271,288,17,4,-32,-334,-302,-4.6,,,,,,,,,
koroška,2009,,,,,,58.3,62.6,53.5,122,-372,169,-81,-1.1,313,397,84,5.5,21.6,815,1570,755,423,566,143,7.8,16.4,656,1198,542,-159,-372,-213,-5.1,110,169,59,2.3,-49,-203,-154,-2.8,87.6,85.8,89.8,82.6,81,84.6,17.4,19,15.4
koroška,2010,,,,,,55.7,60.5,50.5,49,-347,-22,-320,-4.4,207,299,92,4.1,23.5,845,1706,861,174,277,103,3.8,18.7,711,1359,648,-134,-347,-213,-4.8,-33,-22,11,-0.3,-167,-369,-202,-5.1,85.8,85.5,86.3,80.8,80.5,81.2,19.2,19.5,18.8
koroška,2011,,,,,,55.8,61,50.1,-25,-167,61,-131,-1.8,144,241,97,3.3,23.3,916,1687,771,156,302,146,4.2,21,831,1520,689,-85,-167,-82,-2.3,12,61,49,0.8,-73,-106,-33,-1.5,86.3,86.7,85.8,81,81.1,80.9,19,18.9,19.1
koroška,2012,,,,,,56.1,61.3,50.4,54,-386,64,-268,-3.7,165,274,109,3.8,24.9,913,1797,884,213,338,125,4.7,19.5,726,1411,685,-187,-386,-199,-5.3,48,64,16,0.9,-139,-322,-183,-4.5,87.4,87.1,87.8,81.7,81.2,82.3,18.3,18.8,17.7
koroška,2013,,,,,,54.8,59.9,49.3,-15,-437,-104,-556,-7.7,205,378,173,5.3,25.7,949,1851,902,163,274,111,3.8,19.7,741,1414,673,-208,-437,-229,-6.1,-42,-104,-62,-1.4,-250,-541,-291,-7.5,87,86.5,87.6,81.3,80.6,82.2,18.7,19.4,17.8
koroška,2014,10569.36,7540.64,578.27,2081.26,369.19,55.7,60.9,50,58,-132,-162,-236,-3.3,265,444,179,6.2,22.9,826,1632,806,159,282,123,4,21,783,1500,717,-43,-132,-89,-1.8,-106,-162,-56,-2.3,-149,-294,-145,-4.1,87.3,87.6,87,81.4,81.4,81.5,18.6,18.6,18.5
koroška,2015,11031.23,7891.06,568.64,2108.92,462.6,56.2,61,50.9,-39,-162,-61,-262,-3.7,220,378,158,5.3,23.2,875,1653,778,178,317,139,4.5,20.9,768,1491,723,-107,-162,-55,-2.3,-42,-61,-19,-0.9,-149,-223,-74,-3.1,86.1,86.1,86.2,79.9,79.7,80.3,20.1,20.3,19.7
koroška,2016,11316.72,8242.27,584.54,2146.85,343.06,56.8,60.9,52.4,-45,-159,-74,-278,-3.9,206,367,161,5.2,23,829,1632,803,189,293,104,4.1,20.7,743,1473,730,-86,-159,-73,-2.2,-17,-74,-57,-1,-103,-233,-130,-3.3,86.7,86.9,86.4,79.9,79.8,80.1,20.1,20.2,19.9
koroška,2017,11639.86,8485.81,592.76,2195.86,365.44,58.9,63,54.6,23,-180,-62,-219,-3.1,256,442,186,6.2,22.4,774,1583,809,244,380,136,5.4,19.8,701,1403,702,-73,-180,-107,-2.5,-12,-62,-50,-0.9,-85,-242,-157,-3.4,87.6,87.4,87.8,80.7,80.2,81.3,19.3,19.8,18.7
koroška,2018,12216.22,8911.68,604.32,2274.94,425.28,61,64.6,57.1,-30,-358,426,38,0.5,174,295,121,4.2,21,762,1484,722,535,721,186,10.2,15.9,599,1126,527,-163,-358,-195,-5.1,361,426,65,6,198,68,-130,1,87.6,87.1,88.3,80.5,79.6,81.4,19.5,20.4,18.6
koroška,2019,12680.64,9113.57,633.27,2362.47,571.33,62.2,65.6,58.4,-110,-232,506,164,2.3,215,333,118,4.7,19.6,749,1386,637,613,839,226,11.9,16.3,595,1154,559,-154,-232,-78,-3.3,398,506,108,7.2,244,274,30,3.9,87.8,87.2,88.5,80.3,79.5,81.4,19.7,20.5,18.6
koroška,2020,13096.64,9635,714.86,2540.04,206.75,63,65.9,59.8,-274,-295,458,-111,-1.6,242,359,117,5.1,29,1110,2053,943,528,817,289,11.5,24.8,910,1758,848,-200,-295,-95,-4.2,286,458,172,6.5,86,163,77,2.3,87.4,86.7,88.1,79.4,78.4,80.4,20.6,21.6,19.6
koroška,2021,14391.6,10612.89,715.33,2683.16,380.22,64.4,67.3,61.2,-127,-74,146,-55,-0.8,288,415,127,5.9,19.7,731,1389,658,322,561,239,7.9,18.6,712,1315,603,-19,-74,-55,-1,34,146,112,2.1,15,72,57,1,87.5,86.9,88.1,79.1,78.3,80.1,20.9,21.7,19.9
koroška,2022,15595.37,11371.87,788.66,2924.74,510.1,65.9,68.8,62.6,-186,-64,383,133,1.9,285,429,144,6.1,24.7,948,1747,799,540,812,272,11.5,23.8,893,1683,790,-55,-64,-9,-0.9,255,383,128,5.4,200,319,119,4.5,87.3,86.4,88.3,79.1,77.8,80.6,20.9,22.2,19.4
koroška,2023,16940.45,12533.65,865.78,3111.68,429.35,66.3,69,63.3,-294,-171,243,-222,-3.1,306,485,179,6.9,21.3,787,1505,718,495,728,233,10.3,18.9,730,1334,604,-57,-171,-114,-2.4,189,243,54,3.4,132,72,-60,1,87.6,86.7,88.6,79,77.7,80.6,21,22.3,19.4
koroška,2024,,,,,,,,,,,,,,,,,,,,,,,,,,,,,,,,,,,,,,,,,,87.6,86.7,88.7,79.2,77.7,80.9,20.8,22.3,19.1
obalno-kraška,1993,,,,,,...,...,...,,,,,,,,,,,,,,,,,,,,,,,,,,,,,,,,,,,,,,,,,,
obalno-kraška,1994,,,,,,...,...,...,,,,,,,,,,,,,,,,,,,,,,,,,,,,,,,,,,,,,,,,,,
obalno-kraška,1995,,,,,,...,...,...,-140,49,163,72,0.7,15,31,16,0.3,3.1,136,320,184,111,194,83,1.9,3.6,175,369,194,39,49,10,0.5,96,163,67,1.6,135,212,77,2.1,,,,,,,,,
obalno-kraška,1996,,,,,,...,...,...,-75,99,83,107,1,19,38,19,0.4,2.6,124,264,140,63,121,58,1.2,3.5,157,363,206,33,99,66,1,44,83,39,0.8,77,182,105,1.8,,,,,,,,,
obalno-kraška,1997,,,,,,...,...,...,-191,123,15,-53,-0.5,38,61,23,0.6,2.6,112,265,153,44,76,32,0.7,3.8,180,388,208,68,123,55,1.2,6,15,9,0.1,74,138,64,1.3,,,,,,,,,
obalno-kraška,1998,,,,,,...,...,...,-246,86,-27,-187,-1.8,410,585,175,5.7,3.1,128,321,193,312,558,246,5.4,4,187,407,220,59,86,27,0.8,-98,-27,71,-0.3,-39,59,98,0.6,,,,,,,,,
obalno-kraška,1999,,,,,,...,...,...,-187,246,284,343,3.3,150,250,100,2.4,2.4,127,253,126,367,534,167,5.2,4.8,232,499,267,105,246,141,2.4,217,284,67,2.7,322,530,208,5.1,,,,,,,,,
obalno-kraška,2000,,,,,,...,...,...,-125,180,353,406,3.9,151,228,77,2.2,3,138,314,176,389,581,192,5.6,4.8,235,494,259,97,180,83,1.7,238,353,115,3.4,335,533,198,5.1,,,,,,,,,
obalno-kraška,2001,,,,,,...,...,...,-222,99,325,202,1.9,319,426,107,4.1,3.3,168,345,177,473,751,278,7.3,4.3,220,444,224,52,99,47,1,154,325,171,3.1,206,424,218,4.1,,,,,,,,,
obalno-kraška,2002,,,,,,56.6,61.4,51.6,-225,145,326,246,2.4,416,649,233,6.2,3.5,170,369,199,702,975,273,9.3,4.9,250,514,264,80,145,65,1.4,286,326,40,3.1,366,471,105,4.5,,,,,,,,,
obalno-kraška,2003,,,,,,56.3,61,51.3,-221,195,494,468,4.5,284,479,195,4.6,3.3,154,343,189,651,973,322,9.3,5.1,236,538,302,82,195,113,1.9,367,494,127,4.7,449,689,240,6.6,,,,,,,,,
obalno-kraška,2004,,,,,,56.4,61.2,51.3,-142,98,78,34,0.3,560,831,271,7.9,3.9,190,413,223,656,909,253,8.7,4.9,246,511,265,56,98,42,0.9,96,78,-18,0.7,152,176,24,1.7,,,,,,,,,
obalno-kraška,2005,,,,,,58.8,64.1,53.3,-144,63,670,589,5.6,663,844,181,8,4.3,209,449,240,1110,1514,404,14.4,4.9,219,512,293,10,63,53,0.6,447,670,223,6.4,457,733,276,7,,,,,,,,,
obalno-kraška,2006,,,,,,59.7,65.2,53.9,-89,142,613,666,6.3,993,1340,347,12.6,5,246,529,283,1461,1953,492,18.4,6.3,316,671,355,70,142,72,1.3,468,613,145,5.8,538,755,217,7.1,,,,,,,,,
obalno-kraška,2007,,,,,,61.5,67.8,54.6,-21,58,1525,1562,14.6,837,1208,371,11.3,5.5,291,593,302,2061,2733,672,25.5,6.1,299,651,352,8,58,50,0.5,1224,1525,301,14.2,1232,1583,351,14.8,,,,,,,,,
obalno-kraška,2008,,,,,,62.6,69.2,55.4,203,115,2104,2422,22.5,704,1003,299,9.3,26.2,1400,2826,1426,2219,3107,888,28.9,27.3,1447,2941,1494,47,115,68,1.1,1515,2104,589,19.5,1562,2219,657,20.6,,,,,,,,,
obalno-kraška,2009,,,,,,61.9,68.2,55,85,771,1208,2064,18.8,1353,1822,469,16.6,23.5,1452,2581,1129,2196,3030,834,27.6,30.5,1897,3352,1455,445,771,326,7,843,1208,365,11,1288,1979,691,18,100.5,101.6,99.1,85.5,84.1,87.4,14.5,15.9,12.6
obalno-kraška,2010,,,,,,60.5,66.1,54.4,143,81,117,341,3.1,1085,1547,462,14,29.1,1812,3219,1407,1006,1664,658,15,29.8,1852,3300,1448,40,81,41,0.7,-79,117,196,1.1,-39,198,237,1.8,101.3,103,99.2,85.4,84.3,86.7,14.6,15.7,13.3
obalno-kraška,2011,,,,,,59,63.9,53.7,111,206,324,641,5.8,754,1137,383,10.2,29.3,1815,3252,1437,801,1461,660,13.2,31.1,1930,3458,1528,115,206,91,1.9,47,324,277,2.9,162,530,368,4.8,99.5,100.4,98.4,84,82.5,85.9,16,17.5,14.1
obalno-kraška,2012,,,,,,58.1,62.6,53.2,144,-135,507,516,4.6,690,1119,429,10,29.1,1757,3251,1494,1015,1626,611,14.6,27.9,1637,3116,1479,-120,-135,-15,-1.2,325,507,182,4.5,205,372,167,3.3,97.3,97.9,96.6,83.3,81.8,85,16.7,18.2,15
obalno-kraška,2013,,,,,,56.4,60.4,52.2,16,650,243,909,8.1,650,1113,463,9.9,29.3,1782,3290,1508,778,1356,578,12.1,35.1,1792,3940,2148,10,650,640,5.8,128,243,115,2.2,138,893,755,8,97.4,98.1,96.7,83,81.5,84.8,17,18.5,15.2
obalno-kraška,2014,10920.62,7665.83,530.11,2204.3,520.38,57.1,61.7,52.2,123,-252,68,-61,-0.5,753,1298,545,11.5,32.4,1780,3657,1877,793,1366,573,12.1,30.2,1697,3405,1708,-83,-252,-169,-2.2,40,68,28,0.6,-43,-184,-141,-1.6,97.5,98.3,96.5,82.6,81.3,84.1,17.4,18.7,15.9
obalno-kraška,2015,11082.45,7800.82,530.71,2217.04,533.89,58.5,63.1,53.7,-29,17,308,296,2.6,714,1146,432,10.1,29,1617,3270,1653,825,1454,629,12.9,29.1,1607,3287,1680,-10,17,27,0.2,111,308,197,2.7,101,325,224,2.9,100.3,101.8,98.5,82.6,81.1,84.3,17.4,18.9,15.7
obalno-kraška,2016,11415.93,8153.33,536.13,2250.45,476.03,60.4,64.9,55.7,-43,75,416,448,4,699,1136,437,10,28.5,1546,3227,1681,920,1552,632,13.7,29.2,1555,3302,1747,9,75,66,0.7,221,416,195,3.7,230,491,261,4.3,100,101.6,98.1,82.4,81.1,83.9,17.6,18.9,16.1
obalno-kraška,2017,11906.23,8538.31,541,2271.81,555.11,63.1,67.7,58.2,-89,173,363,447,3.9,790,1333,543,11.7,29,1609,3296,1687,1017,1696,679,14.9,30.5,1664,3469,1805,55,173,118,1.5,227,363,136,3.2,282,536,254,4.7,99.2,100.7,97.4,81.8,80.6,83.3,18.2,19.4,16.7
obalno-kraška,2018,12461.22,9064.35,553.61,2352.31,490.95,65.5,70.1,60.7,-152,264,948,1060,9.3,709,1176,467,10.3,24.8,1429,2825,1396,1367,2124,757,18.6,27.1,1578,3089,1511,149,264,115,2.3,658,948,290,8.3,807,1212,405,10.6,98.4,99.4,97.3,81.2,79.7,83.1,18.8,20.3,16.9
obalno-kraška,2019,13350.63,9650.41,602.57,2434.67,662.98,66.9,71.4,62.1,-163,118,925,880,7.6,719,1225,506,10.6,23.7,1458,2737,1279,1398,2150,752,18.6,24.7,1448,2855,1407,-10,118,128,1,679,925,246,8,669,1043,374,9,98.1,99.4,96.4,80.9,79.7,82.5,19.1,20.3,17.5
obalno-kraška,2020,13429.55,9703.46,671.18,2589,465.92,65.6,69.6,61.3,-276,1159,1499,2382,20.4,918,1436,518,12.3,36,2116,4206,2090,1686,2935,1249,25.1,45.9,2655,5365,2710,539,1159,620,9.9,768,1499,731,12.8,1307,2658,1351,22.7,95.4,97.4,93,78.9,77.9,80.1,21.1,22.1,19.9
obalno-kraška,2021,14464.1,10529.06,674.46,2735.84,524.73,66.5,70.6,62.2,-279,130,475,326,2.8,972,1578,606,13.3,28.3,1695,3351,1656,1139,2053,914,17.3,29.4,1826,3481,1655,131,130,-1,1.1,167,475,308,4,298,605,307,5.1,94.4,96.1,92.3,78.1,77.1,79.4,21.9,22.9,20.6
obalno-kraška,2022,15842.2,11404.73,696.57,2954.71,786.19,68.4,72.6,63.8,-410,-374,1228,444,3.7,947,1556,609,13.1,37,2128,4382,2254,1525,2784,1259,23.5,33.8,2034,4008,1974,-94,-374,-280,-3.2,578,1228,650,10.4,484,854,370,7.2,94.2,95.5,92.6,77.9,76.7,79.4,22.1,23.3,20.6
obalno-kraška,2023,17376.76,12731.75,707.91,3131.55,805.56,69.2,73.5,64.7,-387,-69,610,154,1.3,1102,1917,815,16.1,27.8,1683,3308,1625,1530,2527,997,21.3,27.3,1648,3239,1591,-35,-69,-34,-0.6,428,610,182,5.1,393,541,148,4.6,94.5,96.1,92.7,78.1,77.1,79.3,21.9,22.9,20.7
obalno-kraška,2024,,,,,,,,,,,,,,,,,,,,,,,,,,,,,,,,,,,,,,,,,,94.7,96.3,92.7,78.1,77.1,79.3,21.9,22.9,20.7
osrednjeslovenska,1993,,,,,,...,...,...,,,,,,,,,,,,,,,,,,,,,,,,,,,,,,,,,,,,,,,,,,
osrednjeslovenska,1994,,,,,,...,...,...,,,,,,,,,,,,,,,,,,,,,,,,,,,,,,,,,,,,,,,,,,
osrednjeslovenska,1995,,,,,,...,...,...,794,-98,372,1068,2.2,92,206,114,0.4,3,702,1540,838,312,578,266,1.2,2.8,627,1442,815,-75,-98,-23,-0.2,220,372,152,0.8,145,274,129,0.5,,,,,,,,,
osrednjeslovenska,1996,,,,,,...,...,...,571,-226,168,513,1.1,128,230,102,0.5,3.4,799,1781,982,217,398,181,0.8,3,694,1555,861,-105,-226,-121,-0.5,89,168,79,0.3,-16,-58,-42,-0.1,,,,,,,,,
osrednjeslovenska,1997,,,,,,...,...,...,554,-176,88,466,1,104,189,85,0.4,3.6,838,1763,925,143,277,134,0.6,3.3,720,1587,867,-118,-176,-58,-0.4,39,88,49,0.2,-79,-88,-9,-0.2,,,,,,,,,
osrednjeslovenska,1998,,,,,,...,...,...,437,-172,-759,-494,-1,1549,1957,408,4,3.7,858,1788,930,849,1198,349,2.5,3.3,662,1616,954,-196,-172,24,-0.4,-700,-759,-59,-1.6,-896,-931,-35,-1.9,,,,,,,,,
osrednjeslovenska,1999,,,,,,...,...,...,317,-235,774,856,1.8,578,779,201,1.6,3.8,857,1858,1001,1281,1553,272,3.2,3.3,716,1623,907,-141,-235,-94,-0.5,703,774,71,1.6,562,539,-23,1.1,,,,,,,,,
osrednjeslovenska,2000,,,,,,...,...,...,728,-176,1046,1586,3.3,633,1038,405,2.1,3.6,816,1761,945,1544,2084,540,4.3,3.2,678,1585,907,-138,-176,-38,-0.4,911,1046,135,2.1,773,870,97,1.8,,,,,,,,,
osrednjeslovenska,2001,,,,,,...,...,...,151,151,1281,1877,3.8,1086,1352,266,2.8,3.6,840,1765,925,1866,2633,767,5.4,3.9,812,1916,1104,-28,151,179,0.3,780,1281,501,2.6,752,1432,680,2.9,,,,,,,,,
osrednjeslovenska,2002,,,,,,58.8,63,54.4,558,112,493,1163,2.4,1287,1941,654,3.9,3.8,903,1861,958,1705,2434,729,4.9,4,837,1973,1136,-66,112,178,0.2,418,493,75,1,352,605,253,1.2,,,,,,,,,
osrednjeslovenska,2003,,,,,,58.3,62.6,53.9,257,234,1095,1604,3.2,871,1453,582,2.9,3.4,758,1677,919,1759,2548,789,5.2,3.9,805,1911,1106,47,234,187,0.5,888,1095,207,2.2,935,1329,394,2.7,,,,,,,,,
osrednjeslovenska,2004,,,,,,58.2,62.5,54,698,254,1020,1972,4,1639,2245,606,4.5,3.6,865,1808,943,2376,3265,889,6.6,4.2,889,2062,1173,24,254,230,0.5,737,1020,283,2.1,761,1274,513,2.6,,,,,,,,,
osrednjeslovenska,2005,,,,,,60.9,65.5,56.3,813,336,2154,3303,6.6,1894,2376,482,4.8,3.8,896,1900,1004,3266,4530,1264,9.1,4.5,982,2236,1254,86,336,250,0.7,1372,2154,782,4.3,1458,2490,1032,5,,,,,,,,,
osrednjeslovenska,2006,,,,,,61.5,66.4,56.5,1193,591,2003,3787,7.5,3191,4027,836,8,4.5,1113,2255,1142,4760,6030,1270,12,5.7,1275,2846,1571,162,591,429,1.2,1569,2003,434,4,1731,2594,863,5.2,,,,,,,,,
osrednjeslovenska,2007,,,,,,63.2,68.6,57.7,1549,681,3881,6111,12.1,3494,4780,1286,9.4,4.5,1142,2287,1145,6913,8661,1748,17.1,5.9,1333,2968,1635,191,681,490,1.3,3419,3881,462,7.7,3610,4562,952,9,,,,,,,,,
osrednjeslovenska,2008,,,,,,64,69.7,58.2,2251,4279,6949,13479,26.1,1882,2688,806,5.2,23.2,5806,11984,6178,7290,9637,2347,18.7,31.5,7395,16263,8868,1589,4279,2690,8.3,5408,6949,1541,13.5,6997,11228,4231,21.7,,,,,,,,,
osrednjeslovenska,2009,,,,,,62.2,67.6,56.8,2165,2415,4762,9342,17.7,4029,5228,1199,9.9,19.7,5502,10365,4863,7380,9990,2610,19,24.3,6497,12780,6283,995,2415,1420,4.6,3351,4762,1411,9,4346,7177,2831,13.6,123.6,125.6,121.2,93.2,92.2,94.3,6.8,7.8,5.7
osrednjeslovenska,2010,,,,,,60.9,65.6,56.1,2333,1378,-128,3583,6.7,3697,5160,1463,9.7,22.5,6305,11943,5638,3170,5032,1862,9.5,25,6920,13321,6401,615,1378,763,2.6,-527,-128,399,-0.2,88,1250,1162,2.4,124.2,126.1,122,93,92.1,94,7,7.9,6
osrednjeslovenska,2011,,,,,,59.9,64,55.8,2207,554,550,3311,6.2,2882,4098,1216,7.7,24.2,6852,12956,6104,2714,4648,1934,8.7,25.3,6985,13510,6525,133,554,421,1,-168,550,718,1,-35,1104,1139,2.1,125.9,128.8,122.7,92.7,91.7,93.8,7.3,8.3,6.2
osrednjeslovenska,2012,,,,,,59.2,62.8,55.4,2033,2518,692,5243,9.8,2582,4187,1605,7.8,23.6,6509,12675,6166,2821,4879,2058,9.1,28.3,7489,15193,7704,980,2518,1538,4.7,239,692,453,1.3,1219,3210,1991,6,126.1,128.8,123.1,92.5,91.5,93.6,7.5,8.5,6.4
osrednjeslovenska,2013,,,,,,58,61.3,54.6,1757,2556,274,4587,8.5,2452,4210,1758,7.8,23.5,6601,12762,6161,2614,4484,1870,8.3,28.2,7478,15318,7840,877,2556,1679,4.7,162,274,112,0.5,1039,2830,1791,5.2,126,128.6,123.1,92.3,91.3,93.4,7.7,8.7,6.6
osrednjeslovenska,2014,12017.88,8648.13,582.37,2190.99,596.38,58.5,62,54.9,1860,1042,371,3273,6,2605,4375,1770,8,24.9,6699,13622,6923,2722,4746,2024,8.7,26.8,7306,14664,7358,607,1042,435,1.9,117,371,254,0.7,724,1413,689,2.6,126.3,128.6,123.8,92,90.9,93.1,8,9.1,6.9
osrednjeslovenska,2015,12186.64,8812.27,574.93,2187.63,611.81,59.7,63.2,56.2,1475,641,400,2516,4.7,2792,4734,1942,8.8,25.7,6667,13736,7069,2982,5134,2152,9.6,26.9,7088,14377,7289,421,641,220,1.2,190,400,210,0.7,611,1041,430,1.9,127.6,129.6,125.5,91.4,90.3,92.7,8.6,9.7,7.3
osrednjeslovenska,2016,12557.05,9192.01,583.45,2200.06,581.53,61.6,64.9,58.2,1438,683,520,2641,4.9,2921,4973,2052,9.2,25.3,6520,13600,7080,3354,5493,2139,10.2,26.6,7031,14283,7252,511,683,172,1.3,433,520,87,1,944,1203,259,2.2,127.5,128.9,126,91.1,89.8,92.5,8.9,10.2,7.5
osrednjeslovenska,2017,13069.63,9615.9,587.48,2229.43,636.82,64.1,67.8,60.4,1136,896,596,2628,4.9,3388,5584,2196,10.3,25.2,6618,13622,7004,3985,6180,2195,11.4,26.9,7113,14518,7405,495,896,401,1.7,597,596,-1,1.1,1092,1492,400,2.8,128,128.7,127.2,90.7,89.4,92.3,9.3,10.6,7.7
osrednjeslovenska,2018,13829.48,10200.5,620.36,2271.66,736.95,66.4,70.2,62.5,998,1297,4561,6856,12.6,2539,4116,1577,7.6,21.8,6049,11844,5795,5800,8677,2877,16,24.2,6521,13141,6620,472,1297,825,2.4,3261,4561,1300,8.4,3733,5858,2125,10.8,128.6,129.5,127.5,90.4,89,92.1,9.6,11,7.9
osrednjeslovenska,2019,14869.29,10884.54,657.82,2327.49,999.43,67.9,71.7,63.9,725,540,4837,6102,11,2852,4527,1675,8.2,21.8,6116,12013,5897,6324,9364,3040,17,22.7,6520,12553,6033,404,540,136,1,3472,4837,1365,8.8,3876,5377,1501,9.7,127.9,128.2,127.5,90.2,88.6,92,9.8,11.4,8
osrednjeslovenska,2020,15007.26,11098.99,705.05,2448.35,754.87,67.3,70.8,63.6,-9,-3781,4828,1038,1.9,3567,5421,1854,9.8,39.3,10926,21806,10880,6162,10249,4087,18.5,32.5,9332,18025,8693,-1594,-3781,-2187,-6.8,2595,4828,2233,8.7,1001,1047,46,1.9,131.4,131.4,131.3,90,88.3,92,10,11.7,8
osrednjeslovenska,2021,16034.5,12010.61,721.13,2571.02,731.74,67.9,71.8,63.9,76,-1151,41,-1034,-1.9,4487,6721,2234,12.1,28.7,8113,15945,7832,3879,6762,2883,12.2,26.6,7347,14794,7447,-766,-1151,-385,-2.1,-608,41,649,0.1,-1374,-1110,264,-2,132.8,133.4,132.1,89.7,88,91.7,10.3,12,8.3
osrednjeslovenska,2022,17618.51,13002.23,758.97,2783.26,1074.04,69.7,73.8,65.4,-177,2204,4192,6219,11.2,4008,6207,2199,11.1,30.7,8717,17122,8405,5886,10399,4513,18.7,34.7,9523,19326,9803,806,2204,1398,4,1878,4192,2314,7.5,2684,6396,3712,11.5,132.7,133.6,131.7,89.7,88,91.7,10.3,12,8.3
osrednjeslovenska,2023,19436.46,14620.5,819.49,2925.16,1071.31,70.6,74.6,66.4,-294,1131,3109,3946,7,4049,6596,2547,11.7,24.3,6823,13710,6887,5784,9705,3921,17.2,26.3,7321,14841,7520,498,1131,633,2,1735,3109,1374,5.5,2233,4240,2007,7.5,133,134.3,131.5,89.6,87.9,91.5,10.4,12.1,8.5
osrednjeslovenska,2024,,,,,,,,,,,,,,,,,,,,,,,,,,,,,,,,,,,,,,,,,,132.5,133.6,131.4,89.5,87.8,91.5,10.5,12.2,8.5
podravska,1993,,,,,,...,...,...,,,,,,,,,,,,,,,,,,,,,,,,,,,,,,,,,,,,,,,,,,
podravska,1994,,,,,,...,...,...,,,,,,,,,,,,,,,,,,,,,,,,,,,,,,,,,,,,,,,,,,
podravska,1995,,,,,,...,...,...,-329,-94,191,-232,-0.7,72,127,55,0.4,2.1,316,689,373,158,318,160,1,1.9,282,595,313,-34,-94,-60,-0.3,86,191,105,0.6,52,97,45,0.3,,,,,,,,,
podravska,1996,,,,,,...,...,...,-250,-32,136,-146,-0.5,39,106,67,0.3,2.1,330,658,328,130,242,112,0.8,2,298,626,328,-32,-32,0,-0.1,91,136,45,0.4,59,104,45,0.3,,,,,,,,,
podravska,1997,,,,,,...,...,...,-670,-101,49,-722,-2.3,60,117,57,0.4,2.3,351,725,374,75,166,91,0.5,1.9,304,624,320,-47,-101,-54,-0.3,15,49,34,0.2,-32,-52,-20,-0.2,,,,,,,,,
podravska,1998,,,,,,...,...,...,-575,24,-40,-591,-1.8,363,505,142,1.6,2,307,632,325,261,465,204,1.5,2.1,312,656,344,5,24,19,0.1,-102,-40,62,-0.1,-97,-16,81,-0.1,,,,,,,,,
podravska,1999,,,,,,...,...,...,-687,22,158,-507,-1.6,132,241,109,0.8,2.1,299,664,365,239,399,160,1.2,2.1,311,686,375,12,22,10,0.1,107,158,51,0.5,119,180,61,0.6,,,,,,,,,
podravska,2000,,,,,,...,...,...,-623,30,375,-218,-0.7,192,280,88,0.9,1.9,280,607,327,413,655,242,2,2,303,637,334,23,30,7,0.1,221,375,154,1.2,244,405,161,1.3,,,,,,,,,
podravska,2001,,,,,,...,...,...,-519,-38,618,60,0.2,189,326,137,1,2.1,310,679,369,651,944,293,3,2,302,641,339,-8,-38,-30,-0.1,462,618,156,1.9,454,580,126,1.8,,,,,,,,,
podravska,2002,,,,,,51.3,56.9,45.8,-466,2,160,-304,-1,358,662,304,2.1,2.2,336,695,359,480,822,342,2.6,2.2,339,697,358,3,2,-1,0,122,160,38,0.5,125,162,37,0.5,,,,,,,,,
podravska,2003,,,,,,51.2,56.7,45.6,-700,31,217,-452,-1.4,287,546,259,1.7,2.1,327,672,345,438,763,325,2.4,2.2,312,703,391,-15,31,46,0.1,151,217,66,0.7,136,248,112,0.8,,,,,,,,,
podravska,2004,,,,,,51.6,56.9,46.1,-608,67,250,-291,-0.9,504,785,281,2.5,2.1,306,661,355,702,1035,333,3.2,2.3,317,728,411,11,67,56,0.2,198,250,52,0.8,209,317,108,1,,,,,,,,,
podravska,2005,,,,,,53.8,59.6,47.8,-578,29,705,156,0.5,598,886,288,2.8,2.3,332,737,405,1076,1591,515,5,2.4,342,766,424,10,29,19,0.1,478,705,227,2.2,488,734,246,2.3,,,,,,,,,
podravska,2006,,,,,,54.8,60.9,48.5,-521,21,770,270,0.8,1214,1649,435,5.2,2.7,400,866,466,1867,2419,552,7.6,2.8,413,887,474,13,21,8,0.1,653,770,117,2.4,666,791,125,2.5,,,,,,,,,
podravska,2007,,,,,,57.2,63.7,50.4,-539,164,2137,1762,5.5,1364,1939,575,6,2.5,344,792,448,3433,4076,643,12.7,3,458,956,498,114,164,50,0.5,2069,2137,68,6.7,2183,2301,118,7.2,,,,,,,,,
podravska,2008,,,,,,59.2,65.7,52.3,-104,436,844,1176,3.7,1918,3189,1271,9.9,19.9,3183,6370,3187,3256,4033,777,12.6,21.2,3362,6806,3444,179,436,257,1.4,1338,844,-494,2.6,1517,1280,-237,4,,,,,,,,,
podravska,2009,,,,,,57.2,63.2,50.9,-97,301,1048,1252,3.9,2260,2768,508,8.6,15.2,2802,4917,2115,3056,3816,760,11.8,16.1,2909,5218,2309,107,301,194,0.9,796,1048,252,3.2,903,1349,446,4.2,97.3,96,98.9,87.7,85.7,90.2,12.3,14.3,9.8
podravska,2010,,,,,,55.5,60.8,49.8,-43,127,-291,-207,-0.6,1554,2159,605,6.7,17.5,3117,5644,2527,1281,1868,587,5.8,17.9,3141,5771,2630,24,127,103,0.4,-273,-291,-18,-0.9,-249,-164,85,-0.5,98.1,97.1,99.2,87.6,85.8,89.8,12.4,14.2,10.2
podravska,2011,,,,,,54.7,59.3,49.9,-264,329,297,362,1.1,1070,1618,548,5,17.7,3221,5702,2481,1210,1915,705,5.9,18.7,3463,6031,2568,242,329,87,1,140,297,157,0.9,382,626,244,1.9,97.1,95,99.6,86.2,83.6,89.2,13.8,16.4,10.8
podravska,2012,,,,,,53.7,57.7,49.5,-182,281,-371,-272,-0.8,1487,2543,1056,7.9,18.6,3340,6006,2666,1477,2172,695,6.7,19.5,3548,6287,2739,208,281,73,0.9,-10,-371,-361,-1.1,198,-90,-288,-0.3,96.4,94.3,98.7,85.8,83.3,88.8,14.2,16.7,11.2
podravska,2013,,,,,,53.1,56.6,49.3,-434,723,-200,89,0.3,1383,2366,983,7.3,18.2,3247,5863,2616,1483,2166,683,6.7,20.4,3716,6586,2870,469,723,254,2.2,100,-200,-300,-0.6,569,523,-46,1.6,96.1,94.1,98.5,85.5,82.9,88.5,14.5,17.1,11.5
podravska,2014,9923.23,7070.9,621.48,1937.21,293.64,54,58.1,49.5,-119,352,-217,16,0,1459,2326,867,7.2,19.1,3412,6172,2760,1387,2109,722,6.5,20.2,3595,6524,2929,183,352,169,1.1,-72,-217,-145,-0.7,111,135,24,0.4,96.3,94.5,98.4,85.4,83.1,88.2,14.6,16.9,11.8
podravska,2015,10090.42,7264.56,616.93,1948.3,260.62,54.8,59,50.3,-560,-159,-89,-808,-2.5,1477,2407,930,7.5,19.6,3466,6329,2863,1505,2318,813,7.2,19.1,3379,6170,2791,-87,-159,-72,-0.5,28,-89,-117,-0.3,-59,-248,-189,-0.8,96.5,94.5,98.9,85,82.5,87.9,15,17.5,12.1
podravska,2016,10519.63,7552.71,619.56,2011.49,335.87,55.6,59.2,51.9,-458,-319,276,-501,-1.6,1542,2440,898,7.6,19.5,3494,6270,2776,1779,2716,937,8.4,18.5,3223,5951,2728,-271,-319,-48,-1,237,276,39,0.9,-34,-43,-9,-0.1,96.8,94.8,99.1,84.6,82,87.6,15.4,18,12.4
podravska,2017,10831.29,7877.76,633.79,2044.06,275.68,57.6,61.2,53.8,-668,70,628,30,0.1,1667,2612,945,8.1,18.5,3149,5940,2791,2190,3240,1050,10.1,18.7,3311,6010,2699,162,70,-92,0.2,523,628,105,2,685,698,13,2.2,96.5,95,98.2,84.4,82.3,86.9,15.6,17.7,13.1
podravska,2018,11441.34,8369.85,658.19,2105.68,307.62,59.6,62.6,56.3,-816,539,2327,2050,6.4,1564,2274,710,7.1,16,2861,5167,2306,3390,4601,1211,14.3,17.7,3228,5706,2478,367,539,172,1.7,1826,2327,501,7.2,2193,2866,673,8.9,96.7,95.8,97.7,84,82,86.4,16,18,13.6
podravska,2019,12167.34,8889.6,709.33,2176.95,391.46,61.2,64.2,57.8,-606,100,2396,1890,5.8,1885,2677,792,8.2,17,3196,5529,2333,3907,5073,1166,15.6,17.3,3260,5629,2369,64,100,36,0.3,2022,2396,374,7.4,2086,2496,410,7.7,96.9,96.4,97.4,83.8,82,86.1,16.2,18,13.9
podravska,2020,12729.54,9385.99,771.11,2328.97,243.46,60.7,63.1,58,-1615,669,3386,2440,7.5,2239,3045,806,9.3,21.1,3855,6889,3034,4458,6431,1973,19.7,23.1,4371,7558,3187,516,669,153,2,2219,3386,1167,10.4,2735,4055,1320,12.4,96.8,97.1,96.4,83,81.4,84.9,17,18.6,15.1
podravska,2021,13809.55,10291.37,766.54,2459.68,291.96,61.6,64.2,58.7,-1355,397,481,-477,-1.5,2794,3765,971,11.5,17.2,3141,5638,2497,2894,4246,1352,13,18.4,3501,6035,2534,360,397,37,1.2,100,481,381,1.5,460,878,418,2.7,97.1,97.8,96.1,82.3,80.8,84.2,17.7,19.2,15.8
podravska,2022,15010.54,11092.58,803.07,2664.32,450.58,63.8,66.7,60.6,-1228,519,1731,1022,3.1,3200,4318,1118,13.2,19.7,3680,6471,2791,4109,6049,1940,18.5,21.3,3948,6990,3042,268,519,251,1.6,909,1731,822,5.3,1177,2250,1073,6.9,97.2,98.4,95.8,82,80.4,83.9,18,19.6,16.1
podravska,2023,16439.12,12365.65,817.25,2807.07,449.14,64.5,67.3,61.5,-1240,610,2199,1569,4.8,3031,4180,1149,12.7,17.8,3491,5855,2364,4549,6379,1830,19.3,19.6,3722,6465,2743,231,610,379,1.8,1518,2199,681,6.7,1749,2809,1060,8.5,96.9,97.9,95.7,81.6,80,83.6,18.4,20,16.4
podravska,2024,,,,,,,,,,,,,,,,,,,,,,,,,,,,,,,,,,,,,,,,,,96.7,98.4,94.5,80.6,79.3,82.2,19.4,20.7,17.8
pomurska,1993,,,,,,...,...,...,,,,,,,,,,,,,,,,,,,,,,,,,,,,,,,,,,,,,,,,,,
pomurska,1994,,,,,,...,...,...,,,,,,,,,,,,,,,,,,,,,,,,,,,,,,,,,,,,,,,,,,
pomurska,1995,,,,,,...,...,...,-375,-29,76,-328,-2.6,23,45,22,0.4,2.3,128,294,166,52,121,69,1,2.1,111,265,154,-17,-29,-12,-0.2,29,76,47,0.6,12,47,35,0.4,,,,,,,,,
pomurska,1996,,,,,,...,...,...,-339,-5,28,-316,-2.5,35,66,31,0.5,2.2,132,279,147,47,94,47,0.7,2.2,150,274,124,18,-5,-23,0,12,28,16,0.2,30,23,-7,0.2,,,,,,,,,
pomurska,1997,,,,,,...,...,...,-340,-43,-3,-386,-3.1,37,87,50,0.7,2.6,162,332,170,40,84,44,0.7,2.3,146,289,143,-16,-43,-27,-0.3,3,-3,-6,0,-13,-46,-33,-0.4,,,,,,,,,
pomurska,1998,,,,,,...,...,...,-422,-21,-22,-465,-3.7,105,176,71,1.4,2.7,164,334,170,80,154,74,1.2,2.5,155,313,158,-9,-21,-12,-0.2,-25,-22,3,-0.2,-34,-43,-9,-0.3,,,,,,,,,
pomurska,1999,,,,,,...,...,...,-475,-78,-55,-608,-4.9,94,143,49,1.1,2.6,144,328,184,58,88,30,0.7,2,117,250,133,-27,-78,-51,-0.6,-36,-55,-19,-0.4,-63,-133,-70,-1.1,,,,,,,,,
pomurska,2000,,,,,,...,...,...,-330,-46,-124,-500,-4,184,254,70,2,2.3,123,289,166,72,130,58,1,1.9,112,243,131,-11,-46,-35,-0.4,-112,-124,-12,-1,-123,-170,-47,-1.4,,,,,,,,,
pomurska,2001,,,,,,...,...,...,-434,-55,-24,-513,-4.1,71,152,81,1.2,2.5,142,313,171,73,128,55,1,2.1,127,258,131,-15,-55,-40,-0.4,2,-24,-26,-0.2,-13,-79,-66,-0.6,,,,,,,,,
pomurska,2002,,,,,,53.8,59.1,48.4,-472,-23,-31,-526,-4.2,104,227,123,1.8,2.7,145,337,192,102,196,94,1.6,2.5,158,314,156,13,-23,-36,-0.2,-2,-31,-29,-0.3,11,-54,-65,-0.4,,,,,,,,,
pomurska,2003,,,,,,52.3,57.4,47,-465,-52,-22,-539,-4.4,123,215,92,1.7,2.6,132,315,183,108,193,85,1.6,2.1,126,263,137,-6,-52,-46,-0.4,-15,-22,-7,-0.2,-21,-74,-53,-0.6,,,,,,,,,
pomurska,2004,,,,,,53,58.5,47.2,-351,-49,-39,-439,-3.6,97,187,90,1.5,2.7,149,327,178,78,148,70,1.2,2.3,137,278,141,-12,-49,-37,-0.4,-19,-39,-20,-0.3,-31,-88,-57,-0.7,,,,,,,,,
pomurska,2005,,,,,,52.7,58,47.2,-443,-51,123,-371,-3,88,176,88,1.4,2.8,151,342,191,195,299,104,2.4,2.4,140,291,151,-11,-51,-40,-0.4,107,123,16,1,96,72,-24,0.6,,,,,,,,,
pomurska,2006,,,,,,53.5,59.3,47.4,-348,-6,9,-345,-2.8,229,361,132,3,3.2,183,393,210,250,370,120,3,3.2,180,387,207,-3,-6,-3,0,21,9,-12,0.1,18,3,-15,0,,,,,,,,,
pomurska,2007,,,,,,55.4,61.7,48.7,-341,-59,85,-315,-2.6,266,463,197,3.8,3.3,173,405,232,393,548,155,4.5,2.8,158,346,188,-15,-59,-44,-0.5,127,85,-42,0.7,112,26,-86,0.2,,,,,,,,,
pomurska,2008,,,,,,56.9,63,50.5,-279,-664,59,-884,-7.3,251,426,175,3.5,26.7,1421,3213,1792,299,485,186,4,21.2,1230,2549,1319,-191,-664,-473,-5.5,48,59,11,0.5,-143,-605,-462,-5,,,,,,,,,
pomurska,2009,,,,,,55.4,61.5,49.1,-262,-363,-36,-661,-5.5,265,450,185,3.8,18.2,1090,2177,1087,264,414,150,3.5,15.2,895,1814,919,-195,-363,-168,-3,-1,-36,-35,-0.3,-196,-399,-203,-3.3,89.8,88.7,91.1,83.9,81.9,86.6,16.1,18.1,13.4
pomurska,2010,,,,,,52.5,59,45.7,-273,-25,-82,-380,-3.2,231,433,202,3.6,18.4,1099,2191,1092,209,351,142,2.9,18.1,1066,2166,1100,-33,-25,8,-0.2,-22,-82,-60,-0.7,-55,-107,-52,-0.9,89.4,88.5,90.6,83.7,81.9,85.9,16.3,18.1,14.1
pomurska,2011,,,,,,53.2,59.2,47,-364,187,17,-160,-1.3,209,393,184,3.3,18.5,1099,2205,1106,211,410,199,3.4,20.1,1246,2392,1146,147,187,40,1.6,2,17,15,0.1,149,204,55,1.7,89.9,89,91,83.5,81.5,85.9,16.5,18.5,14.1
pomurska,2012,,,,,,51.2,55.8,46.4,-288,-30,-651,-969,-8.2,509,1003,494,8.5,20,1149,2374,1225,215,352,137,3,19.8,1232,2344,1112,83,-30,-113,-0.3,-294,-651,-357,-5.5,-211,-681,-470,-5.7,90.4,89.7,91.2,83.5,81.3,86,16.5,18.7,14
pomurska,2013,,,,,,50.6,54.8,46.2,-340,-205,-350,-895,-7.6,351,644,293,5.5,20.7,1214,2441,1227,168,294,126,2.5,19,1166,2236,1070,-48,-205,-157,-1.7,-183,-350,-167,-3,-231,-555,-324,-4.7,90.2,90.1,90.4,82.8,80.9,85,17.2,19.1,15
pomurska,2014,9262.67,6550.55,638.26,1837.41,236.45,50.7,56,45.2,-359,31,-131,-459,-3.9,301,564,263,4.8,20.5,1216,2393,1177,262,433,171,3.7,20.7,1306,2424,1118,90,31,-59,0.3,-39,-131,-92,-1.1,51,-100,-151,-0.9,89.9,89.4,90.6,82.2,80,84.8,17.8,20,15.2
pomurska,2015,9315.23,6574.67,663.39,1876.18,200.98,50.6,55.3,45.6,-350,37,-280,-593,-5.1,372,661,289,5.7,19.4,1141,2258,1117,237,381,144,3.3,19.7,1186,2295,1109,45,37,-8,0.3,-135,-280,-145,-2.4,-90,-243,-153,-2.1,89.4,89.5,89.2,81.5,80,83.4,18.5,20,16.6
pomurska,2016,9823.1,6967.76,657.86,1970.54,226.93,51.3,54.8,47.7,-411,92,-287,-606,-5.2,395,701,306,6.1,19.1,1126,2207,1081,234,414,180,3.6,19.9,1113,2299,1186,-13,92,105,0.8,-161,-287,-126,-2.5,-174,-195,-21,-1.7,89.3,89.4,89.2,81.4,79.8,83.2,18.6,20.2,16.8
pomurska,2017,9790.77,6826.64,673.24,2033.84,257.05,53.6,57.6,49.3,-323,-3,-369,-695,-6,450,794,344,6.9,19.3,1100,2227,1127,261,425,164,3.7,19.3,1132,2224,1092,32,-3,-35,0,-189,-369,-180,-3.2,-157,-372,-215,-3.2,89.3,89.6,88.9,80.9,79.3,82.6,19.1,20.7,17.4
pomurska,2018,10290.17,7257.74,708.03,2136.48,187.91,55.8,59.1,52.3,-455,-112,73,-494,-4.3,305,597,292,5.2,17.8,1049,2042,993,447,670,223,5.8,16.8,996,1930,934,-53,-112,-59,-1,142,73,-69,0.6,89,-39,-128,-0.3,89.5,90.2,88.7,80.4,78.9,82.1,19.6,21.1,17.9
pomurska,2019,10905.22,7688.62,773.68,2233.81,209.12,57,60.3,53.5,-538,351,135,-52,-0.5,343,588,245,5.1,15.2,883,1742,859,495,723,228,6.3,18.3,1080,2093,1013,197,351,154,3.1,152,135,-17,1.2,349,486,137,4.2,91,92.4,89.4,80.4,79.1,82,19.6,20.9,18
pomurska,2020,11761.87,8251.22,833.05,2468.98,208.62,57.7,60.7,54.5,-873,354,989,470,4.1,321,548,227,4.8,22.1,1282,2528,1246,970,1537,567,13.4,25.2,1505,2882,1377,223,354,131,3.1,649,989,340,8.6,872,1343,471,11.7,90.6,91.9,89.2,79.4,77.9,81,20.6,22.1,19
pomurska,2021,12471.64,8803.28,816.99,2624.92,226.44,58.9,61.7,56,-678,220,-24,-482,-4.2,410,664,254,5.8,16.7,980,1913,933,399,640,241,5.6,18.6,1099,2133,1034,119,220,101,1.9,-11,-24,-13,-0.2,108,196,88,1.7,91.5,92.8,90,79.2,77.6,80.9,20.8,22.4,19.1
pomurska,2022,13570.04,9606.67,871.01,2828.49,263.87,60.9,63.5,58,-627,254,258,-115,-1,473,767,294,6.7,20.7,1202,2363,1161,589,1025,436,9,22.9,1372,2617,1245,170,254,84,2.2,116,258,142,2.3,286,512,226,4.5,90.7,91.8,89.5,78.2,76.4,80.1,21.8,23.6,19.9
pomurska,2023,14996.49,10738.96,903.56,3009.94,344.04,62,64.7,59.2,-610,98,81,-431,-3.8,453,749,296,6.6,17.9,1036,2039,1003,531,830,299,7.3,18.8,1176,2137,961,140,98,-42,0.9,78,81,3,0.7,218,179,-39,1.6,90.7,91.6,89.7,77.6,75.7,79.7,22.4,24.3,20.3
pomurska,2024,,,,,,,,,,,,,,,,,,,,,,,,,,,,,,,,,,,,,,,,,,92.8,94.1,91.4,78.7,76.9,80.6,21.3,23.1,19.4
posavska,1993,,,,,,...,...,...,,,,,,,,,,,,,,,,,,,,,,,,,,,,,,,,,,,,,,,,,,
posavska,1994,,,,,,...,...,...,,,,,,,,,,,,,,,,,,,,,,,,,,,,,,,,,,,,,,,,,,
posavska,1995,,,,,,...,...,...,-159,0,81,-78,-1.1,20,39,19,0.5,3.9,123,276,153,54,120,66,1.7,3.9,124,276,152,1,0,-1,0,34,81,47,1.1,35,81,46,1.1,,,,,,,,,
posavska,1996,,,,,,...,...,...,-121,1,32,-88,-1.2,12,35,23,0.5,3.5,104,252,148,30,67,37,0.9,3.6,118,253,135,14,1,-13,0,18,32,14,0.4,32,33,1,0.5,,,,,,,,,
posavska,1997,,,,,,...,...,...,-139,-14,14,-139,-2,18,31,13,0.4,4,123,280,157,20,45,25,0.6,3.8,131,266,135,8,-14,-22,-0.2,2,14,12,0.2,10,0,-10,0,,,,,,,,,
posavska,1998,,,,,,...,...,...,-225,47,20,-158,-2.3,222,306,84,4.4,3.6,105,250,145,176,326,150,4.6,4.2,127,297,170,22,47,25,0.7,-46,20,66,0.3,-24,67,91,1,,,,,,,,,
posavska,1999,,,,,,...,...,...,-224,-15,93,-146,-2.1,74,111,37,1.6,4,119,281,162,169,204,35,2.9,3.8,133,266,133,14,-15,-29,-0.2,95,93,-2,1.3,109,78,-31,1.1,,,,,,,,,
posavska,2000,,,,,,...,...,...,-141,-19,210,50,0.7,132,177,45,2.5,4,119,277,158,268,387,119,5.5,3.7,113,258,145,-6,-19,-13,-0.3,136,210,74,3,130,191,61,2.7,,,,,,,,,
posavska,2001,,,,,,...,...,...,-149,52,100,3,0,134,202,68,2.9,3.9,124,275,151,190,302,112,4.3,4.7,159,327,168,35,52,17,0.7,56,100,44,1.4,91,152,61,2.2,,,,,,,,,
posavska,2002,,,,,,54.8,60.8,48.3,-123,42,152,71,1,309,468,159,6.7,3.8,113,269,156,413,620,207,8.8,4.4,149,311,162,36,42,6,0.6,104,152,48,2.2,140,194,54,2.8,,,,,,,,,
posavska,2003,,,,,,53.1,59.9,45.9,-170,-22,270,78,1.1,213,337,124,4.8,4.3,137,300,163,415,607,192,8.6,4,136,278,142,-1,-22,-21,-0.3,202,270,68,3.8,201,248,47,3.5,,,,,,,,,
posavska,2004,,,,,,54,61,46.4,-157,-42,77,-122,-1.7,311,408,97,5.8,4.5,145,317,172,370,485,115,6.9,3.9,121,275,154,-24,-42,-18,-0.6,59,77,18,1.1,35,35,0,0.5,,,,,,,,,
posavska,2005,,,,,,56.5,64.1,48.2,-140,71,236,167,2.4,389,485,96,6.9,3.4,107,240,133,528,721,193,10.3,4.4,137,311,174,30,71,41,1,139,236,97,3.4,169,307,138,4.4,,,,,,,,,
posavska,2006,,,,,,57,64.7,48.8,-92,29,229,166,2.4,530,705,175,10.1,4.4,128,305,177,720,934,214,13.3,4.8,165,334,169,37,29,-8,0.4,190,229,39,3.3,227,258,31,3.7,,,,,,,,,
posavska,2007,,,,,,59,66.7,50.6,-189,44,352,207,2.9,402,607,205,8.6,4.9,165,344,179,762,959,197,13.7,5.5,196,388,192,31,44,13,0.6,360,352,-8,5,391,396,5,5.6,,,,,,,,,
posavska,2008,,,,,,61.3,68.9,52.8,-45,-448,711,218,3.1,253,381,128,5.5,29.2,981,2040,1059,895,1092,197,15.6,22.8,782,1592,810,-199,-448,-249,-6.4,642,711,69,10.2,443,263,-180,3.8,,,,,,,,,
posavska,2009,,,,,,60.9,68.5,52.6,-104,-76,259,79,1.1,550,685,135,9.8,22.6,861,1585,724,733,944,211,13.5,21.5,834,1509,675,-27,-76,-49,-1.1,183,259,76,3.7,156,183,27,2.6,82.6,81,84.7,72.7,69.7,76.9,27.3,30.3,23.1
posavska,2010,,,,,,58.9,65.7,51.3,-73,51,-20,-42,-0.6,420,540,120,7.7,24.1,925,1695,770,343,520,177,7.4,24.9,1020,1746,726,95,51,-44,0.7,-77,-20,57,-0.3,18,31,13,0.4,81.8,78.9,85.6,71.6,67.7,76.7,28.4,32.3,23.3
posavska,2011,,,,,,58.5,64.7,51.6,-34,43,20,29,0.4,261,382,121,5.5,26.1,1024,1830,806,241,402,161,5.7,26.7,1063,1873,810,39,43,4,0.6,-20,20,40,0.3,19,63,44,0.9,80.8,77.9,84.5,70.9,67.3,75.6,29.1,32.7,24.4
posavska,2012,,,,,,57.9,64.1,50.9,-90,57,71,38,0.5,258,429,171,6.1,27,1035,1899,864,301,500,199,7.1,27.9,1122,1956,834,87,57,-30,0.8,43,71,28,1,130,128,-2,1.8,79.9,76.3,84.7,70.6,66.9,75.6,29.4,33.1,24.4
posavska,2013,,,,,,57.5,63,51.3,-70,-237,55,-252,-3.6,205,370,165,5.3,28.5,1098,1999,901,274,425,151,6.1,25.1,1043,1762,719,-55,-237,-182,-3.4,69,55,-14,0.8,14,-182,-196,-2.6,79.6,75.7,84.7,69.8,66,74.9,30.2,34,25.1
posavska,2014,10014.05,7148.89,599.61,2012.38,253.16,57.9,64.1,50.9,-64,104,-39,1,0,274,427,153,6.1,27.7,1094,1937,843,223,388,165,5.5,29.2,1071,2041,970,-23,104,127,1.5,-51,-39,12,-0.6,-74,65,139,0.9,79.1,75.1,84.2,68.8,64.6,74.2,31.2,35.4,25.8
posavska,2015,10272.47,7351.27,606.15,2024.92,290.13,58.5,64.5,51.9,-42,106,23,87,1.1,283,451,168,6,25.9,1060,1958,898,294,474,180,6.3,27.3,1107,2064,957,47,106,59,1.4,11,23,12,0.3,58,129,71,1.7,76.7,72.7,81.9,67.2,63.1,72.5,32.8,36.9,27.5
posavska,2016,10693.43,7740.73,617.45,2056.08,279.17,59.4,64.8,53.4,-133,-30,-4,-167,-2.2,362,516,154,6.8,27.7,1124,2097,973,315,512,197,6.8,27.3,1083,2067,984,-41,-30,11,-0.4,-47,-4,43,-0.1,-88,-34,54,-0.4,77,73.8,81.2,66.6,62.9,71.3,33.4,37.1,28.7
posavska,2017,11118.17,8147.5,615.61,2106.54,248.53,62.3,68.1,56,-35,-74,-72,-181,-2.4,352,577,225,7.7,27.4,1066,2068,1002,312,505,193,6.7,26.4,1065,1994,929,-1,-74,-73,-1,-40,-72,-32,-1,-41,-146,-105,-1.9,77.6,75.1,80.9,66.3,63,70.6,33.7,37,29.4
posavska,2018,11836.2,8736.28,643.89,2176.88,279.15,65,70.6,58.7,-149,-176,515,190,2.5,207,334,127,4.4,25.8,1033,1946,913,644,849,205,11.3,23.5,932,1770,838,-101,-176,-75,-2.3,437,515,78,6.8,336,339,3,4.5,77,74.5,80.2,65.8,62.6,70,34.2,37.4,30
posavska,2019,12639.84,9343.14,688.88,2258.68,349.14,66.8,72.3,60.5,-96,-49,409,264,3.5,375,562,187,7.4,25.2,1092,1912,820,753,971,218,12.8,24.6,1043,1863,820,-49,-49,0,-0.6,378,409,31,5.4,329,360,31,4.7,77,74.7,80,65.3,62.1,69.5,34.7,37.9,30.5
posavska,2020,13050.72,9590.97,764.1,2452.81,242.84,66.2,71,60.8,-239,-18,394,137,1.8,522,690,168,9.1,33.9,1457,2578,1121,713,1084,371,14.3,33.7,1399,2560,1161,-58,-18,40,-0.2,191,394,203,5.2,133,376,243,4.9,78.4,77.4,79.7,65,62.3,68.4,35,37.7,31.6
posavska,2021,14138.01,10522.58,763.38,2591.33,260.72,67.5,72.5,62,-258,154,5,-99,-1.3,503,670,167,8.8,23.6,991,1785,794,422,675,253,8.9,25.6,1048,1939,891,57,154,97,2,-81,5,86,0.1,-24,159,183,2.1,78.5,76.9,80.5,64.6,61.6,68.4,35.4,38.4,31.6
posavska,2022,15338.23,11337.87,809.16,2801.22,389.99,69.5,74.7,63.7,-310,80,384,154,2,422,649,227,8.6,28.4,1133,2151,1018,669,1033,364,13.6,29.5,1184,2231,1047,51,80,29,1.1,247,384,137,5.1,298,464,166,6.1,79.4,78.8,80.3,64.8,62.3,68,35.2,37.7,32
posavska,2023,16922.71,12724.44,818.9,2970.08,409.29,70.7,75.8,64.9,-171,-71,284,42,0.6,503,736,233,9.7,25,1018,1896,878,723,1020,297,13.4,24,991,1825,834,-27,-71,-44,-0.9,220,284,64,3.7,193,213,20,2.8,78.8,78,79.8,64,61.1,67.6,36,38.9,32.4
posavska,2024,,,,,,,,,,,,,,,,,,,,,,,,,,,,,,,,,,,,,,,,,,78.9,78.3,79.5,64.4,61.8,67.6,35.6,38.2,32.4
primorsko-notranjska,1993,,,,,,...,...,...,,,,,,,,,,,,,,,,,,,,,,,,,,,,,,,,,,,,,,,,,,
primorsko-notranjska,1994,,,,,,...,...,...,,,,,,,,,,,,,,,,,,,,,,,,,,,,,,,,,,,,,,,,,,
primorsko-notranjska,1995,,,,,,...,...,...,-94,103,71,80,1.6,9,13,4,0.3,3,70,153,83,47,84,37,1.7,5,128,256,128,58,103,45,2,38,71,33,1.4,96,174,78,3.4,,,,,,,,,
primorsko-notranjska,1996,,,,,,...,...,...,-29,69,53,93,1.8,4,7,3,0.1,3.1,71,157,86,23,60,37,1.2,4.5,118,226,108,47,69,22,1.4,19,53,34,1,66,122,56,2.4,,,,,,,,,
primorsko-notranjska,1997,,,,,,...,...,...,-119,75,46,2,0,6,13,7,0.3,3.1,63,156,93,34,59,25,1.2,4.6,95,231,136,32,75,43,1.5,28,46,18,0.9,60,121,61,2.4,,,,,,,,,
primorsko-notranjska,1998,,,,,,...,...,...,-108,108,-26,-26,-0.5,166,196,30,3.9,3.9,79,196,117,101,170,69,3.4,6.1,139,304,165,60,108,48,2.2,-65,-26,39,-0.5,-5,82,87,1.6,,,,,,,,,
primorsko-notranjska,1999,,,,,,...,...,...,-66,131,86,151,3,23,46,23,0.9,3.7,87,185,98,93,132,39,2.6,6.3,156,316,160,69,131,62,2.6,70,86,16,1.7,139,217,78,4.3,,,,,,,,,
primorsko-notranjska,2000,,,,,,...,...,...,-117,130,88,101,2,49,73,24,1.4,3.4,80,170,90,108,161,53,3.2,5.9,139,300,161,59,130,71,2.6,59,88,29,1.7,118,218,100,4.3,,,,,,,,,
primorsko-notranjska,2001,,,,,,...,...,...,-60,47,109,96,1.9,43,86,43,1.7,4.3,103,217,114,118,195,77,3.8,5.2,118,264,146,15,47,32,0.9,75,109,34,2.1,90,156,66,3.1,,,,,,,,,
primorsko-notranjska,2002,,,,,,58.8,65.7,51.4,-148,84,68,4,0.1,145,206,61,4.1,4.2,92,212,120,195,274,79,5.4,5.8,162,296,134,70,84,14,1.7,50,68,18,1.3,120,152,32,3,,,,,,,,,
primorsko-notranjska,2003,,,,,,58.6,65.6,51,-104,32,168,96,1.9,88,168,80,3.3,4.7,99,239,140,221,336,115,6.6,5.3,123,271,148,24,32,8,0.6,133,168,35,3.3,157,200,43,3.9,,,,,,,,,
primorsko-notranjska,2004,,,,,,59.1,66.1,51.5,-38,85,74,121,2.4,181,233,52,4.6,4.2,93,212,119,221,307,86,6,5.8,134,297,163,41,85,44,1.7,40,74,34,1.5,81,159,78,3.1,,,,,,,,,
primorsko-notranjska,2005,,,,,,61.4,68.7,53.6,-46,89,127,170,3.3,177,233,56,4.6,4.9,111,248,137,285,360,75,7,6.6,153,337,184,42,89,47,1.7,108,127,19,2.5,150,216,66,4.2,,,,,,,,,
primorsko-notranjska,2006,,,,,,62.4,69.3,54.9,-25,28,222,225,4.4,257,329,72,6.4,5.9,132,302,170,448,551,103,10.7,6.4,154,330,176,22,28,6,0.5,191,222,31,4.3,213,250,37,4.9,,,,,,,,,
primorsko-notranjska,2007,,,,,,64.5,71.8,56.4,-39,33,536,530,10.2,317,432,115,8.3,6.6,164,342,178,801,968,167,18.7,7.2,181,375,194,17,33,16,0.6,484,536,52,10.3,501,569,68,11,,,,,,,,,
primorsko-notranjska,2008,,,,,,65.8,72.8,58,16,-64,506,458,8.8,315,400,85,7.7,32.8,814,1700,886,727,906,179,17.5,31.6,781,1636,855,-33,-64,-31,-1.2,412,506,94,9.8,379,442,63,8.5,,,,,,,,,
primorsko-notranjska,2009,,,,,,64.9,71.3,57.7,33,-18,438,453,8.7,407,512,105,9.8,26.6,776,1387,611,720,950,230,18.2,26.2,785,1369,584,9,-18,-27,-0.3,313,438,125,8.4,322,420,98,8.1,79.5,78.5,80.9,66.6,64.8,68.8,33.4,35.2,31.2
primorsko-notranjska,2010,,,,,,62.8,68.5,56.3,36,6,22,64,1.2,283,385,102,7.4,28.8,814,1503,689,264,407,143,7.8,28.9,825,1509,684,11,6,-5,0.1,-19,22,41,0.4,-8,28,36,0.5,78.3,76.9,80.1,65.5,63.6,67.9,34.5,36.4,32.1
primorsko-notranjska,2011,,,,,,61.7,67,55.8,142,-52,32,122,2.3,227,333,106,6.4,28.9,805,1516,711,207,365,158,7,27.9,795,1464,669,-10,-52,-42,-1,-20,32,52,0.6,-30,-20,10,-0.4,73.6,71,77.1,62.4,59.8,65.8,37.6,40.2,34.2
primorsko-notranjska,2012,,,,,,61.1,66.2,55.3,13,-62,47,-2,0,219,347,128,6.6,28.7,796,1505,709,216,394,178,7.5,27.5,749,1443,694,-47,-62,-15,-1.2,-3,47,50,0.9,-50,-15,35,-0.3,75.4,73.5,77.8,63.2,61.1,65.8,36.8,38.9,34.2
primorsko-notranjska,2013,,,,,,59.9,64.7,54.6,64,-131,142,75,1.4,170,265,95,5,29,807,1525,718,239,407,168,7.7,26.5,754,1394,640,-53,-131,-78,-2.5,69,142,73,2.7,16,11,-5,0.2,74.9,73,77.4,63,61,65.5,37,39,34.5
primorsko-notranjska,2014,10551.41,7661.87,572.89,2066.23,250.42,61,66.4,54.9,-23,62,51,90,1.7,200,342,142,6.5,27.7,736,1453,717,256,393,137,7.5,28.8,781,1515,734,45,62,17,1.2,56,51,-5,1,101,113,12,2.2,75.2,73.6,77.2,62.9,61.3,65.1,37.1,38.7,34.9
primorsko-notranjska,2015,10737.37,7877.51,560.19,2079.49,220.18,61.9,66.9,56.2,-21,-108,113,-16,-0.3,222,356,134,6.8,28,755,1474,719,292,469,177,8.9,26,679,1366,687,-76,-108,-32,-2.1,70,113,43,2.2,-6,5,11,0.1,74.6,73.1,76.6,62.3,60.6,64.5,37.7,39.4,35.5
primorsko-notranjska,2016,11135.71,8193.86,573.54,2099.74,268.57,63.1,67.7,58,-54,44,67,57,1.1,246,410,164,7.8,27.3,730,1437,707,312,477,165,9.1,28.2,763,1481,718,33,44,11,0.8,66,67,1,1.3,99,111,12,2.1,74.3,72.7,76.4,61.8,59.9,64.2,38.2,40.1,35.8
primorsko-notranjska,2017,11495.94,8546.95,596.68,2148.51,203.79,65.4,70.3,59.8,-33,-181,-27,-241,-4.6,305,470,165,8.9,30.2,862,1586,724,268,443,175,8.4,26.7,718,1405,687,-144,-181,-37,-3.4,-37,-27,10,-0.5,-181,-208,-27,-4,72.6,71.5,73.9,60.4,58.6,62.8,39.6,41.4,37.2
primorsko-notranjska,2018,12089.9,9064.62,602.42,2207.9,214.97,68.4,73.4,62.8,-86,-31,334,217,4.1,203,313,110,6,27.1,748,1417,669,436,647,211,12.4,26.5,738,1386,648,-10,-31,-21,-0.6,233,334,101,6.4,223,303,80,5.8,72.4,71.1,74.1,60.3,58.5,62.6,39.7,41.5,37.4
primorsko-notranjska,2019,12830.98,9693.2,624.53,2281.44,231.81,69.9,74.8,64.3,-109,-41,438,288,5.5,230,355,125,6.7,24.9,700,1317,617,562,793,231,15,24.2,698,1276,578,-2,-41,-39,-0.8,332,438,106,8.3,330,397,67,7.5,71.4,69.9,73.4,59.4,57.5,61.9,40.6,42.5,38.1
primorsko-notranjska,2020,13204.35,9871.14,672.85,2455.77,204.6,69.9,74.8,64.4,-164,56,512,404,7.6,255,370,115,7,35.8,993,1900,907,585,882,297,16.6,36.8,1020,1956,936,27,56,29,1.1,330,512,182,9.6,357,568,211,10.7,71.1,69.6,73.1,58.4,56.4,61,41.6,43.6,39
primorsko-notranjska,2021,14339.52,10828.62,675.64,2596.95,238.31,71,75.6,65.6,-103,92,73,62,1.2,340,482,142,9.1,26,763,1387,624,340,555,215,10.4,27.8,824,1479,655,61,92,31,1.7,0,73,73,1.4,61,165,104,3.1,70.5,68.8,72.6,57.4,55.1,60.3,42.6,44.9,39.7
primorsko-notranjska,2022,15547.6,11727.22,704.84,2795.5,320.04,73.4,78.6,67.5,-176,23,536,383,7.2,332,489,157,9.2,33.4,967,1784,817,698,1025,327,19.2,33.8,971,1807,836,4,23,19,0.4,366,536,170,10,370,559,189,10.5,69.9,67.1,73.6,56.5,53.2,60.9,43.5,46.8,39.1
primorsko-notranjska,2023,17255.95,13184.83,712.26,2948.36,410.5,74.3,79.3,68.4,-182,13,530,361,6.7,348,508,160,9.4,25.4,769,1371,602,803,1038,235,19.2,25.6,787,1384,597,18,13,-5,0.2,455,530,75,9.8,473,543,70,10.1,68.6,65,73.4,55.5,51.7,60.5,44.5,48.3,39.5
primorsko-notranjska,2024,,,,,,,,,,,,,,,,,,,,,,,,,,,,,,,,,,,,,,,,,,68.8,65.4,73.3,55.4,51.8,60.1,44.6,48.2,39.9
savinjska,1993,,,,,,...,...,...,,,,,,,,,,,,,,,,,,,,,,,,,,,,,,,,,,,,,,,,,,
savinjska,1994,,,,,,...,...,...,,,,,,,,,,,,,,,,,,,,,,,,,,,,,,,,,,,,,,,,,,
savinjska,1995,,,,,,...,...,...,61,25,174,260,1,40,77,37,0.3,2.3,281,598,317,132,251,119,1,2.4,313,623,310,32,25,-7,0.1,92,174,82,0.7,124,199,75,0.8,,,,,,,,,
savinjska,1996,,,,,,...,...,...,103,-102,49,50,0.2,53,118,65,0.5,2.6,335,674,339,79,167,88,0.6,2.2,270,572,302,-65,-102,-37,-0.4,26,49,23,0.2,-39,-53,-14,-0.2,,,,,,,,,
savinjska,1997,,,,,,...,...,...,-78,-38,22,-94,-0.4,59,104,45,0.4,2.5,317,652,335,63,126,63,0.5,2.4,316,614,298,-1,-38,-37,-0.1,4,22,18,0.1,3,-16,-19,-0.1,,,,,,,,,
savinjska,1998,,,,,,...,...,...,-81,-84,-389,-554,-2.2,753,960,207,3.8,2.6,295,661,366,315,571,256,2.2,2.3,261,577,316,-34,-84,-50,-0.3,-438,-389,49,-1.5,-472,-473,-1,-1.9,,,,,,,,,
savinjska,1999,,,,,,...,...,...,40,-102,249,187,0.7,205,342,137,1.3,2.9,345,744,399,401,591,190,2.3,2.5,297,642,345,-48,-102,-54,-0.4,196,249,53,1,148,147,-1,0.6,,,,,,,,,
savinjska,2000,,,,,,...,...,...,-5,-123,339,211,0.8,384,537,153,2.1,2.8,313,723,410,650,876,226,3.4,2.3,253,600,347,-60,-123,-63,-0.5,266,339,73,1.3,206,216,10,0.8,,,,,,,,,
savinjska,2001,,,,,,...,...,...,-98,-9,301,194,0.8,650,888,238,3.5,2.7,318,688,370,806,1189,383,4.6,2.6,304,679,375,-14,-9,5,0,156,301,145,1.2,142,292,150,1.1,,,,,,,,,
savinjska,2002,,,,,,55.2,60.9,49.4,-239,-62,378,77,0.3,794,1202,408,4.7,2.8,343,717,374,1097,1580,483,6.1,2.5,305,655,350,-38,-62,-24,-0.2,303,378,75,1.5,265,316,51,1.2,,,,,,,,,
savinjska,2003,,,,,,54.7,60.4,48.9,-318,-146,500,18,0.1,592,992,400,3.9,2.9,326,736,410,1050,1492,442,5.8,2.3,286,590,304,-40,-146,-106,-0.6,458,500,42,1.9,418,354,-64,1.4,,,,,,,,,
savinjska,2004,,,,,,55,60.8,49,-129,-147,194,-82,-0.3,1070,1393,323,5.4,2.9,326,757,431,1233,1587,354,6.2,2.4,290,610,320,-36,-147,-111,-0.6,163,194,31,0.8,127,47,-80,0.2,,,,,,,,,
savinjska,2005,,,,,,57.2,63.5,50.7,26,-105,919,840,3.3,1224,1527,303,5.9,2.9,325,756,431,1927,2446,519,9.5,2.5,320,651,331,-5,-105,-100,-0.4,703,919,216,3.6,698,814,116,3.2,,,,,,,,,
savinjska,2006,,,,,,57.9,64.3,51.3,95,-120,1090,1065,4.1,1733,2147,414,8.3,3.6,405,938,533,2652,3237,585,12.5,3.2,375,818,443,-30,-120,-90,-0.5,919,1090,171,4.2,889,970,81,3.7,,,,,,,,,
savinjska,2007,,,,,,60,66.6,53,249,-65,2274,2458,9.4,1564,2082,518,8,3.7,413,963,550,3644,4356,712,16.7,3.5,412,898,486,-1,-65,-64,-0.2,2080,2274,194,8.7,2079,2209,130,8.5,,,,,,,,,
savinjska,2008,,,,,,61.9,68.5,54.8,412,-1059,2517,1870,7.2,1081,1538,457,6,22.2,2768,5739,2971,3350,4055,705,15.7,18.1,2365,4680,2315,-403,-1059,-656,-4.1,2269,2517,248,9.7,1866,1458,-408,5.6,,,,,,,,,
savinjska,2009,,,,,,60.8,66.9,54.3,322,-1017,1223,528,2,2317,2743,426,10.6,19.3,2768,5010,2242,3102,3966,864,15.3,15.4,2256,3993,1737,-512,-1017,-505,-3.9,785,1223,438,4.7,273,206,-67,0.8,98.7,100.7,96.2,86.9,86.6,87.2,13.1,13.4,12.8
savinjska,2010,,,,,,59,64.4,53.1,419,-436,-281,-298,-1.1,1654,2105,451,8.1,20.4,3019,5294,2275,1210,1824,614,7,18.7,2712,4858,2146,-307,-436,-129,-1.7,-444,-281,163,-1.1,-751,-717,34,-2.8,97.7,98.8,96.2,86,85.4,86.7,14,14.6,13.3
savinjska,2011,,,,,,58.7,63.7,53.2,401,-105,228,524,2,872,1306,434,5,20.8,3019,5403,2384,975,1534,559,5.9,20.4,3030,5298,2268,11,-105,-116,-0.4,103,228,125,0.9,114,123,9,0.5,96.6,97.3,95.8,84.9,83.9,86,15.1,16.1,14
savinjska,2012,,,,,,58.2,63.1,52.9,204,-474,242,-28,-0.1,957,1569,612,6,22.3,3238,5819,2581,1150,1811,661,7,20.5,3024,5345,2321,-214,-474,-260,-1.8,193,242,49,0.9,-21,-232,-211,-0.9,96.4,97,95.7,84.4,83.1,85.9,15.6,16.9,14.1
savinjska,2013,,,,,,57.6,62.1,52.7,203,-1123,551,-369,-1.4,843,1315,472,5,23.1,3159,6006,2847,1226,1866,640,7.2,18.7,2771,4883,2112,-388,-1123,-735,-4.3,383,551,168,2.1,-5,-572,-567,-2.2,96.5,97.3,95.5,84.3,83.2,85.6,15.7,16.8,14.4
savinjska,2014,10236.53,7317.52,619.59,2030.83,268.59,58.1,63.2,52.6,263,-306,-172,-215,-0.8,1083,1696,613,6.5,22.4,3189,5833,2644,880,1524,644,5.9,21.3,3016,5527,2511,-173,-306,-133,-1.2,-203,-172,31,-0.7,-376,-478,-102,-1.8,96.3,97.3,95.2,83.8,83,84.8,16.2,17,15.2
savinjska,2015,10353.95,7453.16,628.38,2040.28,232.13,58.7,63.6,53.4,34,162,152,348,1.4,1055,1663,608,6.5,20.6,2755,5249,2494,1087,1815,728,7.1,21.3,2832,5411,2579,77,162,85,0.6,32,152,120,0.6,109,314,205,1.2,97.2,98.4,95.6,83.8,83.2,84.5,16.2,16.8,15.5
savinjska,2016,10746.02,7793.18,639.69,2076.75,236.4,59.8,64.3,55,57,80,300,437,1.7,1035,1716,681,6.7,20.8,2772,5294,2522,1365,2016,651,7.9,21.1,2925,5374,2449,153,80,-73,0.3,330,300,-30,1.2,483,380,-103,1.5,96.8,97.9,95.6,83.1,82.4,83.9,16.9,17.6,16.1
savinjska,2017,11192.01,8213.77,643.85,2118.61,215.79,62.6,67.3,57.4,-218,60,154,-4,0,1386,2174,788,8.5,21.1,2847,5373,2526,1648,2328,680,9.1,21.3,2854,5433,2579,7,60,53,0.2,262,154,-108,0.6,269,214,-55,0.8,95.8,96.5,94.9,82.2,81.5,83.1,17.8,18.5,16.9
savinjska,2018,11891.56,8761.05,669.46,2186.49,274.56,65,69.6,60,-121,-378,2099,1600,6.3,1003,1509,506,5.9,20.3,2915,5180,2265,2737,3608,871,14.1,18.8,2735,4802,2067,-180,-378,-198,-1.5,1734,2099,365,8.2,1554,1721,167,6.7,95.4,95.7,95.1,81.7,80.4,83.2,18.3,19.6,16.8
savinjska,2019,12684.11,9266.98,718.11,2267.66,431.36,66.7,71.5,61.4,-136,-366,2002,1500,5.8,1431,1988,557,7.7,20.5,3092,5273,2181,3017,3990,973,15.5,19.1,2808,4907,2099,-284,-366,-82,-1.4,1586,2002,416,7.8,1302,1636,334,6.4,95.6,96.1,94.9,81.3,80.1,82.7,18.7,19.9,17.3
savinjska,2020,12883.43,9461.74,779.21,2434.47,208.02,66.6,70.9,61.8,-701,-571,2345,1073,4.2,1680,2296,616,8.9,28,4155,7239,3084,3190,4641,1451,18,25.8,3731,6668,2937,-424,-571,-147,-2.2,1510,2345,835,9.1,1086,1774,688,6.9,95.3,96.7,93.6,80,79.3,80.9,20,20.7,19.1
savinjska,2021,13963.05,10377.36,779.26,2568.46,237.97,68.4,72.8,63.4,-741,-19,565,-195,-0.8,2014,2731,717,10.6,20.8,3007,5387,2380,2218,3296,1078,12.7,20.8,3024,5368,2344,17,-19,-36,-0.1,204,565,361,2.2,221,546,325,2.1,95.4,97.1,93.3,79.5,78.8,80.3,20.5,21.2,19.7
savinjska,2022,15160.3,11202.79,810.65,2781.49,365.37,70.5,75.2,65.3,-626,-155,2240,1459,5.6,1829,2547,718,9.8,24.2,3498,6287,2789,3141,4787,1646,18.5,23.6,3428,6132,2704,-70,-155,-85,-0.6,1312,2240,928,8.6,1242,2085,843,8,95.2,97,92.9,79,78.2,80,21,21.8,20
savinjska,2023,16771.88,12473.26,930.68,2935.21,432.73,71.3,76,66,-409,56,1982,1629,6.2,1992,2762,770,10.6,20.7,3075,5414,2339,3225,4744,1519,18.2,20.9,3065,5470,2405,-10,56,66,0.2,1233,1982,749,7.6,1223,2038,815,7.8,94.7,96.3,92.7,78.6,77.7,79.7,21.4,22.3,20.3
savinjska,2024,,,,,,,,,,,,,,,,,,,,,,,,,,,,,,,,,,,,,,,,,,94.6,95.8,93.1,78.3,77.1,79.9,21.7,22.9,20.1
slovenia,1993,,,,,,52.4,58.6,46.9,,,,,,,,,,,,,,,,,,,,,,,,,,,,,,,,,,,,,,,,,,
slovenia,1994,,,,,,52.4,58.1,47.1,,,,,,,,,,,,,,,,,,,,,,,,,,,,,,,,,,,,,,,,,,
slovenia,1995,,,,,,54.4,61,48.4,12,0,1415,1427,0.7,393,776,383,0.4,2.7,2453,5426,2973,1135,2191,1056,1.1,2.7,2453,5426,2973,0,0,0,0,742,1415,673,0.7,742,1415,673,0.7,,,,,,,,,
slovenia,1996,,,,,,53.4,59.6,47.7,168,0,697,865,0.4,390,803,413,0.4,2.9,2641,5742,3101,768,1500,732,0.8,2.9,2641,5742,3101,0,0,0,0,378,697,319,0.4,378,697,319,0.4,,,,,,,,,
slovenia,1997,,,,,,54.9,61.1,49.1,-763,0,286,-477,-0.2,443,807,364,0.4,2.9,2712,5798,3086,534,1093,559,0.6,2.9,2712,5798,3086,0,0,0,0,91,286,195,0.1,91,286,195,0.1,,,,,,,,,
slovenia,1998,,,,,,55.3,59.6,50.9,-1183,0,-2105,-3288,-1.7,5131,6708,1577,3.4,3,2684,5982,3298,2817,4603,1786,2.3,3,2684,5982,3298,0,0,0,0,-2314,-2105,209,-1.1,-2314,-2105,209,-1.1,,,,,,,,,
slovenia,1999,,,,,,55.8,60.3,51.2,-1352,0,2335,983,0.5,1732,2606,874,1.3,3.1,2782,6080,3298,3683,4941,1258,2.5,3.1,2782,6080,3298,0,0,0,0,1951,2335,384,1.2,1951,2335,384,1.2,,,,,,,,,
slovenia,2000,,,,,,57.4,62.3,52.4,-408,0,2615,2193,1.1,2376,3570,1194,1.8,3,2609,5881,3272,4397,6185,1788,3.1,3,2609,5881,3272,0,0,0,0,2021,2615,594,1.3,2021,2615,594,1.3,,,,,,,,,
slovenia,2001,,,,,,57.7,62.9,52.4,-1031,0,2992,1961,1,3503,4811,1308,2.4,3.2,2908,6364,3456,5321,7803,2482,3.9,3.2,2908,6364,3456,0,0,0,0,1818,2992,1174,1.5,1818,2992,1174,1.5,,,,,,,,,
slovenia,2002,,,,,,56,60.9,50.9,-1200,0,1865,665,0.3,4596,7269,2673,3.6,3.3,3068,6575,3507,6216,9134,2918,4.6,3.3,3068,6575,3507,0,0,0,0,1620,1865,245,0.9,1620,1865,245,0.9,,,,,,,,,
slovenia,2003,,,,,,55.4,60.4,50.2,-2130,0,3412,1282,0.6,3444,5867,2423,2.9,3.2,2786,6298,3512,6229,9279,3050,4.6,3.2,2786,6298,3512,0,0,0,0,2785,3412,627,1.7,2785,3412,627,1.7,,,,,,,,,
slovenia,2004,,,,,,55.7,60.7,50.5,-562,0,1902,1340,0.7,6061,8269,2208,4.1,3.3,2965,6595,3630,7485,10171,2686,5.1,3.3,2965,6595,3630,0,0,0,0,1424,1902,478,1,1424,1902,478,1,,,,,,,,,
slovenia,2005,,,,,,57.8,63.3,52.2,-668,0,6436,5768,2.9,6659,8605,1946,4.3,3.5,3188,7004,3816,11130,15041,3911,7.5,3.5,3188,7004,3816,0,0,0,0,4471,6436,1965,3.2,4471,6436,1965,3.2,,,,,,,,,
slovenia,2006,,,,,,58.5,64.2,52.6,752,0,6267,7019,3.5,10725,13749,3024,6.8,4.2,3923,8499,4576,15750,20016,4266,10,4.2,3923,8499,4576,0,0,0,0,5025,6267,1242,3.1,5025,6267,1242,3.1,,,,,,,,,
slovenia,2007,,,,,,60.5,66.6,54.1,1239,0,14250,15489,7.7,10696,14943,4247,7.4,4.4,4123,8880,4757,23659,29193,5534,14.5,4.4,4123,8880,4757,0,0,0,0,12963,14250,1287,7.1,12963,14250,1287,7.1,,,,,,,,,
slovenia,2008,,,,,,61.9,68,55.5,3509,0,18584,22093,10.9,8190,12109,3919,6,23.5,23071,47605,24534,23815,30693,6878,15.2,23.5,23071,47605,24534,0,0,0,0,15625,18584,2959,9.2,15625,18584,2959,9.2,,,,,,,,,
slovenia,2009,,,,,,60.5,66.2,54.4,3106,0,11508,14614,7.2,14816,18788,3972,9.2,19.4,21450,39690,18240,22973,30296,7323,14.8,19.4,21450,39690,18240,0,0,0,0,8157,11508,3351,5.6,8157,11508,3351,5.6,100,100,100,84.3,82.8,86.3,15.7,17.2,13.7
slovenia,2010,,,,,,58.8,64,53.2,3734,0,-521,3213,1.6,11586,15937,4351,7.8,21.3,23611,43581,19970,9841,15416,5575,7.5,21.3,23611,43581,19970,0,0,0,0,-1745,-521,1224,-0.3,-1745,-521,1224,-0.3,100,100,100,83.8,82.4,85.6,16.2,17.6,14.4
slovenia,2011,,,,,,58.1,62.8,53.1,3248,0,2059,5307,2.6,8151,12024,3873,5.9,22.2,25024,45628,20604,8317,14083,5766,6.9,22.2,25024,45628,20604,0,0,0,0,166,2059,1893,1,166,2059,1893,1,100,100,100,83.1,81.5,85.1,16.9,18.5,14.9
slovenia,2012,,,,,,57.4,61.6,52.8,2681,0,644,3325,1.6,8699,14378,5679,7,22.9,24988,47128,22140,9102,15022,5920,7.3,22.9,24988,47128,22140,0,0,0,0,403,644,241,0.3,403,644,241,0.3,100,100,100,83.1,81.5,85,16.9,18.5,15
slovenia,2013,,,,,,56.5,60.4,52.4,1777,0,487,2264,1.1,7902,13384,5482,6.5,23.1,24897,47570,22673,8465,13871,5406,6.7,23.1,24897,47570,22673,0,0,0,0,563,487,-76,0.2,563,487,-76,0.2,100,100,100,82.9,81.3,84.8,17.1,18.7,15.2
slovenia,2014,10795.26,7718.36,588.69,2083.43,404.78,57.2,61.6,52.6,2279,0,-490,1789,0.9,8609,14336,5727,7,23.4,24959,48152,23193,8242,13846,5604,6.7,23.4,24959,48152,23193,0,0,0,0,-367,-490,-123,-0.2,-367,-490,-123,-0.2,100,100,100,82.5,80.9,84.3,17.5,19.1,15.7
slovenia,2015,10964.02,7889.31,588.88,2093.21,392.62,58.2,62.4,53.7,807,0,507,1314,0.6,8976,14913,5937,7.2,23,24244,47405,23161,9215,15420,6205,7.5,23,24244,47405,23161,0,0,0,0,239,507,268,0.2,239,507,268,0.2,100,100,100,81.6,80.1,83.5,18.4,19.9,16.5
slovenia,2016,11357.06,8242.48,595.59,2129.05,389.93,59.6,63.3,55.6,656,0,1051,1707,0.8,9328,15572,6244,7.5,22.8,23945,47023,23078,10417,16623,6206,8.1,22.8,23945,47023,23078,0,0,0,0,1089,1051,-38,0.5,1089,1051,-38,0.5,100,100,100,81.2,79.7,83,18.8,20.3,17
slovenia,2017,11785.17,8614.54,601.83,2167.68,401.11,62.1,66.2,57.9,-268,0,1253,985,0.5,10694,17555,6861,8.5,22.8,24004,47195,23191,12264,18808,6544,9.1,22.8,24004,47195,23191,0,0,0,0,1570,1253,-317,0.6,1570,1253,-317,0.6,100,100,100,80.8,79.4,82.5,19.2,20.6,17.5
slovenia,2018,12461.89,9157.33,626.81,2231.27,446.48,64.5,68.4,60.3,-900,0,14928,14028,6.8,8521,13527,5006,6.5,20.5,22417,42465,20048,20086,28455,8369,13.7,20.5,22417,42465,20048,0,0,0,0,11565,14928,3363,7.2,11565,14928,3363,7.2,100,100,100,80.4,78.9,82.3,19.6,21.1,17.7
slovenia,2019,13298.38,9728.02,668.51,2302.78,599.08,66,69.9,61.7,-1260,0,16213,14953,7.2,9904,15106,5202,7.2,20.1,22786,42014,19228,22445,31319,8874,15,20.1,22786,42014,19228,0,0,0,0,12541,16213,3672,7.8,12541,16213,3672,7.8,100,100,100,80.2,78.7,82,19.8,21.3,18
slovenia,2020,13614.74,9996.25,727,2459.76,431.73,65.6,69.1,61.8,-5249,0,18365,13116,6.2,12225,17745,5520,8.4,30.8,34344,64619,30275,23137,36110,12973,17.2,30.8,34344,64619,30275,0,0,0,0,10912,18365,7453,8.7,10912,18365,7453,8.7,100,100,100,78.9,77.2,80.9,21.1,22.8,19.1
slovenia,2021,14663.73,10890.67,731.81,2595.6,445.64,66.7,70.3,62.8,-4277,0,2480,-1797,-0.9,14701,21144,6443,10,23.5,26218,49486,23268,14469,23624,9155,11.2,23.5,26218,49486,23268,0,0,0,0,-232,2480,2712,1.2,-232,2480,2712,1.2,100,100,100,78.1,76.2,80.3,21.9,23.8,19.7
slovenia,2022,15989.54,11763.5,771.25,2809.94,644.86,68.6,72.4,64.4,-4865,0,14657,9792,4.6,14233,20956,6723,9.9,27.7,30675,58488,27813,21886,35613,13727,16.9,27.7,30675,58488,27813,0,0,0,0,7653,14657,7004,7,7653,14657,7004,7,100,100,100,77.9,75.9,80.3,22.1,24.1,19.7
slovenia,2023,17603.4,13154.35,814.47,2968.95,665.63,69.3,73,65.2,-4551,0,11528,6977,3.3,14694,22411,7717,10.6,22.5,25326,47817,22491,22109,33939,11830,16,22.5,25326,47817,22491,0,0,0,0,7415,11528,4113,5.4,7415,11528,4113,5.4,100,100,100,77.6,75.5,80.1,22.4,24.5,19.9
slovenia,2024,,,,,,,,,,,,,,,,,,,,,,,,,,,,,,,,,,,,,,,,,,100,100,100,77.5,75.4,80,22.5,24.6,20
vzhodna slovenija,1993,,,,,,...,...,...,,,,,,,,,,,,,,,,,,,,,,,,,,,,,,,,,,,,,,,,,,
vzhodna slovenija,1994,,,,,,...,...,...,,,,,,,,,,,,,,,,,,,,,,,,,,,,,,,,,,,,,,,,,,
vzhodna slovenija,1995,,,,,,...,...,...,,,,,,,,,,,,,,,,,,,,,,,,,,,,,,,,,,,,,,,,,,
vzhodna slovenija,1996,,,,,,...,...,...,,,,,,,,,,,,,,,,,,,,,,,,,,,,,,,,,,,,,,,,,,
vzhodna slovenija,1997,,,,,,...,...,...,,,,,,,,,,,,,,,,,,,,,,,,,,,,,,,,,,,,,,,,,,
vzhodna slovenija,1998,,,,,,...,...,...,,,,,,,,,,,,,,,,,,,,,,,,,,,,,,,,,,,,,,,,,,
vzhodna slovenija,1999,,,,,,...,...,...,,,,,,,,,,,,,,,,,,,,,,,,,,,,,,,,,,,,,,,,,,
vzhodna slovenija,2000,,,,,,...,...,...,,,,,,,,,,,,,,,,,,,,,,,,,,,,,,,,,,,,,,,,,,
vzhodna slovenija,2001,,,,,,...,...,...,,,,,,,,,,,,,,,,,,,,,,,,,,,,,,,,,,,,,,,,,,
vzhodna slovenija,2002,,,,,,...,...,...,,,,,,,,,,,,,,,,,,,,,,,,,,,,,,,,,,,,,,,,,,
vzhodna slovenija,2003,,,,,,...,...,...,,,,,,,,,,,,,,,,,,,,,,,,,,,,,,,,,,,,,,,,,,
vzhodna slovenija,2004,,,,,,...,...,...,,,,,,,,,,,,,,,,,,,,,,,,,,,,,,,,,,,,,,,,,,
vzhodna slovenija,2005,,,,,,56,62,49.8,,,,,,,,,,,,,,,,,,,,,,,,,,,,,,,,,,,,,,,,,,
vzhodna slovenija,2006,,,,,,56.7,62.9,50.2,,,,,,,,,,,,,,,,,,,,,,,,,,,,,,,,,,,,,,,,,,
vzhodna slovenija,2007,,,,,,58.8,65.4,52,,,,,,,,,,,,,,,,,,,,,,,,,,,,,,,,,,,,,,,,,,
vzhodna slovenija,2008,,,,,,60.7,67,53.8,,,,,,,,,,,,,,,,,,,,,,,,,,,,,,,,,,,,,,,,,,
vzhodna slovenija,2009,,,,,,59.2,65.2,52.8,,,,,,,,,,,,,,,,,,,,,,,,,,,,,,,,,,,,,,,,,,
vzhodna slovenija,2010,,,,,,57.3,62.8,51.2,,,,,,,,,,,,,,,,,,,,,,,,,,,,,,,,,,,,,,,,,,
vzhodna slovenija,2011,,,,,,56.8,61.9,51.4,,,,,,,,,,,,,,,,,,,,,,,,,,,,,,,,,,,,,,,,,,
vzhodna slovenija,2012,,,,,,56,60.6,51,,,,,,,,,,,,,,,,,,,,,,,,,,,,,,,,,,,,,,,,,,
vzhodna slovenija,2013,,,,,,55.3,59.6,50.8,,,,,,,,,,,,,,,,,,,,,,,,,,,,,,,,,,,,,,,,,,
vzhodna slovenija,2014,10129.87,7240.11,614.64,1984.65,290.48,56,60.9,50.7,,,,,,,,,,,,,,,,,,,,,,,,,,,,,,,,,,,,,,,,,,
vzhodna slovenija,2015,10306.34,7415.48,620.12,2000.69,270.04,56.7,61.4,51.7,,,,,,,,,,,,,,,,,,,,,,,,,,,,,,,,,,,,,,,,,,
vzhodna slovenija,2016,10721.01,7750.53,626.62,2049.05,294.81,57.7,61.8,53.3,,,,,,,,,,,,,,,,,,,,,,,,,,,,,,,,,,,,,,,,,,
vzhodna slovenija,2017,11078.8,8075.36,633.9,2092.44,277.1,60.2,64.6,55.5,,,,,,,,,,,,,,,,,,,,,,,,,,,,,,,,,,,,,,,,,,
vzhodna slovenija,2018,11711.17,8597.07,658.81,2162.08,293.21,62.6,66.6,58.2,,,,,,,,,,,,,,,,,,,,,,,,,,,,,,,,,,,,,,,,,,
vzhodna slovenija,2019,12457.44,9116.02,705.59,2240.32,395.51,64.1,68.2,59.6,,,,,,,,,,,,,,,,,,,,,,,,,,,,,,,,,,,,,,,,,,
vzhodna slovenija,2020,12900.41,9467.93,767.85,2415.83,248.8,63.9,67.4,60.1,,,,,,,,,,,,,,,,,,,,,,,,,,,,,,,,,,,,,,,,,,
vzhodna slovenija,2021,13933.42,10331.03,766.82,2554.44,281.12,65.2,68.7,61.2,,,,,,,,,,,,,,,,,,,,,,,,,,,,,,,,,,,,,,,,,,
vzhodna slovenija,2022,15150.63,11151.87,809.04,2765.03,424.7,67.2,70.9,63,,,,,,,,,,,,,,,,,,,,,,,,,,,,,,,,,,,,,,,,,,
vzhodna slovenija,2023,16665.28,12438.56,853.65,2923.58,449.49,68,71.6,63.9,,,,,,,,,,,,,,,,,,,,,,,,,,,,,,,,,,,,,,,,,,
zahodna slovenija,1993,,,,,,...,...,...,,,,,,,,,,,,,,,,,,,,,,,,,,,,,,,,,,,,,,,,,,
zahodna slovenija,1994,,,,,,...,...,...,,,,,,,,,,,,,,,,,,,,,,,,,,,,,,,,,,,,,,,,,,
zahodna slovenija,1995,,,,,,...,...,...,,,,,,,,,,,,,,,,,,,,,,,,,,,,,,,,,,,,,,,,,,
zahodna slovenija,1996,,,,,,...,...,...,,,,,,,,,,,,,,,,,,,,,,,,,,,,,,,,,,,,,,,,,,
zahodna slovenija,1997,,,,,,...,...,...,,,,,,,,,,,,,,,,,,,,,,,,,,,,,,,,,,,,,,,,,,
zahodna slovenija,1998,,,,,,...,...,...,,,,,,,,,,,,,,,,,,,,,,,,,,,,,,,,,,,,,,,,,,
zahodna slovenija,1999,,,,,,...,...,...,,,,,,,,,,,,,,,,,,,,,,,,,,,,,,,,,,,,,,,,,,
zahodna slovenija,2000,,,,,,...,...,...,,,,,,,,,,,,,,,,,,,,,,,,,,,,,,,,,,,,,,,,,,
zahodna slovenija,2001,,,,,,...,...,...,,,,,,,,,,,,,,,,,,,,,,,,,,,,,,,,,,,,,,,,,,
zahodna slovenija,2002,,,,,,...,...,...,,,,,,,,,,,,,,,,,,,,,,,,,,,,,,,,,,,,,,,,,,
zahodna slovenija,2003,,,,,,...,...,...,,,,,,,,,,,,,,,,,,,,,,,,,,,,,,,,,,,,,,,,,,
zahodna slovenija,2004,,,,,,...,...,...,,,,,,,,,,,,,,,,,,,,,,,,,,,,,,,,,,,,,,,,,,
zahodna slovenija,2005,,,,,,60,64.9,55,,,,,,,,,,,,,,,,,,,,,,,,,,,,,,,,,,,,,,,,,,
zahodna slovenija,2006,,,,,,60.7,65.8,55.4,,,,,,,,,,,,,,,,,,,,,,,,,,,,,,,,,,,,,,,,,,
zahodna slovenija,2007,,,,,,62.4,68,56.5,,,,,,,,,,,,,,,,,,,,,,,,,,,,,,,,,,,,,,,,,,
zahodna slovenija,2008,,,,,,63.4,69.2,57.4,,,,,,,,,,,,,,,,,,,,,,,,,,,,,,,,,,,,,,,,,,
zahodna slovenija,2009,,,,,,61.9,67.4,56.3,,,,,,,,,,,,,,,,,,,,,,,,,,,,,,,,,,,,,,,,,,
zahodna slovenija,2010,,,,,,60.5,65.3,55.4,,,,,,,,,,,,,,,,,,,,,,,,,,,,,,,,,,,,,,,,,,
zahodna slovenija,2011,,,,,,59.5,63.7,55.1,,,,,,,,,,,,,,,,,,,,,,,,,,,,,,,,,,,,,,,,,,
zahodna slovenija,2012,,,,,,58.9,62.7,54.9,,,,,,,,,,,,,,,,,,,,,,,,,,,,,,,,,,,,,,,,,,
zahodna slovenija,2013,,,,,,57.8,61.3,54.2,,,,,,,,,,,,,,,,,,,,,,,,,,,,,,,,,,,,,,,,,,
zahodna slovenija,2014,11545.92,8257.89,559.41,2194.88,533.74,58.5,62.3,54.6,,,,,,,,,,,,,,,,,,,,,,,,,,,,,,,,,,,,,,,,,,
zahodna slovenija,2015,11703.02,8421.73,553.77,2197.16,530.35,59.8,63.5,56,,,,,,,,,,,,,,,,,,,,,,,,,,,,,,,,,,,,,,,,,,
zahodna slovenija,2016,12069.07,8793.19,560.85,2218.61,496.42,61.6,65.1,58.1,,,,,,,,,,,,,,,,,,,,,,,,,,,,,,,,,,,,,,,,,,
zahodna slovenija,2017,12572.9,9215.83,566.08,2251.6,539.4,64.3,68,60.4,,,,,,,,,,,,,,,,,,,,,,,,,,,,,,,,,,,,,,,,,,
zahodna slovenija,2018,13294.76,9778.91,591.32,2308.02,616.51,66.6,70.5,62.6,,,,,,,,,,,,,,,,,,,,,,,,,,,,,,,,,,,,,,,,,,
zahodna slovenija,2019,14227.28,10404.03,627.54,2371.77,823.94,68.1,71.9,64,,,,,,,,,,,,,,,,,,,,,,,,,,,,,,,,,,,,,,,,,,
zahodna slovenija,2020,14401.02,10577.79,682.04,2508.11,633.09,67.4,71,63.7,,,,,,,,,,,,,,,,,,,,,,,,,,,,,,,,,,,,,,,,,,
zahodna slovenija,2021,15467.1,11506.3,693.3,2640.88,626.63,68.4,72.1,64.4,,,,,,,,,,,,,,,,,,,,,,,,,,,,,,,,,,,,,,,,,,
zahodna slovenija,2022,16910.59,12435.01,729.76,2859.24,886.58,70.1,74.1,65.9,,,,,,,,,,,,,,,,,,,,,,,,,,,,,,,,,,,,,,,,,,
zahodna slovenija,2023,18633.66,13940.45,771.44,3018.78,903,70.8,74.7,66.7,,,,,,,,,,,,,,,,,,,,,,,,,,,,,,,,,,,,,,,,,,
zasavska,1993,,,,,,...,...,...,,,,,,,,,,,,,,,,,,,,,,,,,,,,,,,,,,,,,,,,,,
zasavska,1994,,,,,,...,...,...,,,,,,,,,,,,,,,,,,,,,,,,,,,,,,,,,,,,,,,,,,
zasavska,1995,,,,,,...,...,...,-115,-43,33,-125,-2.7,7,16,9,0.3,4,93,187,94,28,49,21,1,3.1,56,144,88,-37,-43,-6,-0.9,21,33,12,0.7,-16,-10,6,-0.2,,,,,,,,,
zasavska,1996,,,,,,...,...,...,-149,54,10,-85,-1.8,3,12,9,0.3,3.4,73,162,89,11,22,11,0.5,4.6,90,216,126,17,54,37,1.1,8,10,2,0.2,25,64,39,1.4,,,,,,,,,
zasavska,1997,,,,,,...,...,...,-118,66,8,-44,-0.9,9,11,2,0.2,3.7,87,175,88,9,19,10,0.4,5.1,118,241,123,31,66,35,1.4,0,8,8,0.2,31,74,43,1.6,,,,,,,,,
zasavska,1998,,,,,,...,...,...,-120,13,-6,-113,-2.4,84,119,35,2.6,4.7,94,218,124,72,113,41,2.4,5,102,231,129,8,13,5,0.3,-12,-6,6,-0.1,-4,7,11,0.2,,,,,,,,,
zasavska,1999,,,,,,...,...,...,-148,-3,29,-122,-2.6,37,55,18,1.2,4.6,106,213,107,67,84,17,1.8,4.5,92,210,118,-14,-3,11,-0.1,30,29,-1,0.6,16,26,10,0.6,,,,,,,,,
zasavska,2000,,,,,,...,...,...,-162,0,29,-133,-2.9,48,79,31,1.7,5.2,103,243,140,85,108,23,2.3,5.2,114,243,129,11,0,-11,0,37,29,-8,0.6,48,29,-19,0.6,,,,,,,,,
zasavska,2001,,,,,,...,...,...,-152,-73,70,-155,-3.4,60,92,32,2,6.2,129,288,159,126,162,36,3.5,4.7,112,215,103,-17,-73,-56,-1.6,66,70,4,1.5,49,-3,-52,-0.1,,,,,,,,,
zasavska,2002,,,,,,52.8,57.7,47.8,-145,-61,-1,-207,-4.5,122,217,95,4.7,5.7,121,265,144,156,216,60,4.7,4.4,98,204,106,-23,-61,-38,-1.3,34,-1,-35,0,11,-62,-73,-1.3,,,,,,,,,
zasavska,2003,,,,,,52.1,58,46,-145,-87,42,-190,-4.1,99,177,78,3.9,6.1,131,278,147,159,219,60,4.8,4.2,91,191,100,-40,-87,-47,-1.9,60,42,-18,0.9,20,-45,-65,-1,,,,,,,,,
zasavska,2004,,,,,,52.3,57.7,46.7,-135,-83,-26,-244,-5.3,160,183,23,4,5.9,115,268,153,117,157,40,3.4,4.1,95,185,90,-20,-83,-63,-1.8,-43,-26,17,-0.6,-63,-109,-46,-2.4,,,,,,,,,
zasavska,2005,,,,,,54.4,60.5,48,-188,-66,96,-158,-3.5,130,159,29,3.5,5.7,126,261,135,201,255,54,5.6,4.3,92,195,103,-34,-66,-32,-1.5,71,96,25,2.1,37,30,-7,0.7,,,,,,,,,
zasavska,2006,,,,,,55.4,61.6,48.9,-72,-87,10,-149,-3.3,157,178,21,3.9,8,179,364,185,144,188,44,4.1,6.1,123,277,154,-56,-87,-31,-1.9,-13,10,23,0.2,-69,-77,-8,-1.7,,,,,,,,,
zasavska,2007,,,,,,57.3,63.6,50.7,6,-118,102,-10,-0.2,122,201,79,4.4,8.4,192,381,189,227,303,76,6.7,5.8,126,263,137,-66,-118,-52,-2.6,105,102,-3,2.3,39,-16,-55,-0.4,,,,,,,,,
zasavska,2008,,,,,,59.3,65.2,53.2,-37,-205,242,0,0,90,134,44,3,24.8,574,1112,538,264,376,112,8.4,20.2,439,907,468,-135,-205,-70,-4.6,174,242,68,5.4,39,37,-2,0.8,,,,,,,,,
zasavska,2009,,,,,,57.8,62.7,52.6,13,-392,178,-201,-4.5,162,223,61,5,23.7,531,1060,529,300,401,101,9,14.9,376,668,292,-155,-392,-237,-8.8,138,178,40,4,-17,-214,-197,-4.8,71.3,70.3,72.5,61.3,59.5,63.5,38.7,40.5,36.5
zasavska,2010,,,,,,56.2,60,52.1,-70,-380,-42,-492,-11.1,152,229,77,5.1,25,593,1111,518,111,187,76,4.2,16.4,396,731,335,-197,-380,-183,-8.5,-41,-42,-1,-0.9,-238,-422,-184,-9.5,70.8,70.3,71.5,60.1,58.8,61.5,39.9,41.2,38.5
zasavska,2011,,,,,,55.2,58,52.2,-77,-211,-20,-308,-7,115,169,54,3.8,23.8,569,1049,480,89,149,60,3.4,19,477,838,361,-92,-211,-119,-4.8,-26,-20,6,-0.5,-118,-231,-113,-5.2,71.3,71,71.7,59.5,58.3,61,40.5,41.7,39
zasavska,2012,,,,,,54.8,57.4,52,-74,-356,1,-429,-9.8,100,169,69,3.9,28.5,655,1246,591,99,170,71,3.9,20.3,478,890,412,-177,-356,-179,-8.1,-1,1,2,0,-178,-355,-177,-8.1,69.6,69.3,70.1,59.1,57.7,60.7,40.9,42.3,39.3
zasavska,2013,,,,,,54.1,56.3,51.9,-106,-335,-76,-517,-11.9,125,221,96,5.1,27.4,609,1187,578,71,145,74,3.3,19.7,449,852,403,-160,-335,-175,-7.7,-54,-76,-22,-1.8,-214,-411,-197,-9.5,69.4,68.3,70.6,58.7,56.9,60.6,41.3,43.1,39.4
zasavska,2014,10392.21,7226.38,623.56,2316.21,226.05,54.2,56.4,51.8,-91,-155,-83,-329,-7.7,138,214,76,5,25.2,559,1078,519,67,131,64,3.1,21.6,460,923,463,-99,-155,-56,-3.6,-71,-83,-12,-1.9,-170,-238,-68,-5.6,67.8,66.4,69.4,57.4,55.1,59.9,42.6,44.9,40.1
zasavska,2015,10554.54,7386.53,628.62,2337.85,201.53,56.7,59.3,53.9,-61,-227,-25,-313,-5.4,141,271,130,4.7,27.5,778,1583,805,148,246,98,4.3,23.6,677,1356,679,-101,-227,-126,-3.9,7,-25,-32,-0.4,-94,-252,-158,-4.4,62.6,61.1,64.2,51.3,48.9,54.1,48.7,51.1,45.9
zasavska,2016,10994.38,7725.51,649.57,2363.27,256.03,58.1,60.5,55.6,-43,-17,-63,-123,-2.1,174,297,123,5.2,26.4,716,1519,803,142,234,92,4.1,26.1,730,1502,772,14,-17,-31,-0.3,-32,-63,-31,-1.1,-18,-80,-62,-1.4,60.8,58.9,62.9,49.7,47.2,52.6,50.3,52.8,47.4
zasavska,2017,11434.64,8174.86,628.2,2413.32,218.25,61,63.6,58.2,-65,-77,-84,-226,-3.9,211,363,152,6.3,27.2,779,1556,777,178,279,101,4.9,25.8,734,1479,745,-45,-77,-32,-1.3,-33,-84,-51,-1.5,-78,-161,-83,-2.8,59.8,58.1,61.7,48.5,46.2,51,51.5,53.8,49
zasavska,2018,12167.81,8749.09,645.96,2486.56,286.2,63.9,66.5,61.1,-116,-146,167,-95,-1.7,163,275,112,4.8,25.6,724,1463,739,291,442,151,7.7,23.1,672,1317,645,-52,-146,-94,-2.6,128,167,39,2.9,76,21,-55,0.4,59.2,57,61.7,48,45,51.2,52,55,48.8
zasavska,2019,12851.34,9361.69,672.63,2569.51,247.52,65.5,68.5,62.4,-160,-29,386,197,3.5,130,217,87,3.8,22.7,668,1297,629,416,603,187,10.6,22.2,669,1268,599,1,-29,-30,-0.5,286,386,100,6.8,287,357,70,6.3,59,57,61.3,47.5,44.7,50.6,52.5,55.3,49.4
zasavska,2020,13261.17,9535.16,728.97,2740.35,256.69,65.2,67.9,62.4,-243,-201,460,16,0.3,159,232,73,4.1,37.1,1096,2123,1027,429,692,263,12.1,33.6,1026,1922,896,-70,-201,-131,-3.5,270,460,190,8,200,259,59,4.5,59.8,58.3,61.5,46.9,44.5,49.6,53.1,55.5,50.4
zasavska,2021,14140.66,10345.79,727.99,2877.4,189.48,66.1,68.7,63.3,-287,-183,146,-324,-5.7,199,280,81,4.9,26.9,797,1532,735,261,426,165,7.5,23.7,732,1349,617,-65,-183,-118,-3.2,62,146,84,2.6,-3,-37,-34,-0.7,60.7,59.4,62.2,46.7,44.4,49.4,53.3,55.6,50.6
zasavska,2022,15453.36,11227.52,777.06,3118.36,330.42,68.2,70.9,65.3,-272,148,332,208,3.7,215,325,110,5.7,33.2,988,1892,904,407,657,250,11.5,35.8,1089,2040,951,101,148,47,2.6,192,332,140,5.8,293,480,187,8.4,60.8,59.6,62.2,46.9,44.4,49.8,53.1,55.6,50.2
zasavska,2023,17157.46,12700.31,808.06,3290.92,358.17,69.4,72.1,66.4,-206,62,285,141,2.5,262,386,124,6.7,26.2,797,1503,706,435,671,236,11.7,27.3,839,1565,726,42,62,20,1.1,173,285,112,5,215,347,132,6.1,60.9,60,62,46.7,44.1,49.7,53.3,55.9,50.3
zasavska,2024,,,,,,,,,,,,,,,,,,,,,,,,,,,,,,,,,,,,,,,,,,61,60.3,61.8,46.5,43.8,49.7,53.5,56.2,50.3
